Name,Brand,Selling Price,MRP,Discount,Ratings,No_of_ratings,Details
Whirlpool 7 kg Magic Clean 5 Star Fully Automatic Top Load Grey,Whirlpool,15990,21400,25% off,4.2,597 Ratings & 68 Reviews,['740 rpm Max Speed' '5 Star Rating' '2 Years Comprehensive Warranty on Product and 5 Years on Prime Mover and Motor']
Whirlpool 6 kg Magic Clean 5 Star Fully Automatic Top Load Grey,Whirlpool,13990,18950,26% off,4.4,479 Ratings & 46 Reviews,['740 rpm Max Speed' '5 Star Rating' '2 Years Comprehensive Warranty on Product and 5 Years on Prime Mover and Motor']
SAMSUNG 6.5 kg Diamond Drum feature Fully Automatic Top Load Silver,SAMSUNG,14590,16800,13% off,4.4,73967 Ratings & 5809 Reviews,['680 rpm Max Speed' '3 Star Rating' '2 Years on Product and 2 Years on Motor from Samsung']
realme TechLife 7 kg with Semi Automatic Top Load White Black,realme,7875,12490,36% off,4.2,9918 Ratings & 1198 Reviews,['1400 RPM Max Speed' '5 Star Rating' '2 Years Comprehensive and 5 Years on Wash Motor']
MarQ by Flipkart 6.5 kg with Semi Automatic Top Load Grey White,MarQ,6830,10490,34% off,4.3,53562 Ratings & 6102 Reviews,['1350 rpm Max Speed' '5 Star Rating' '2 Years Comprehensive and 5 Years on Wash Motor from MarQ by Flipkart']
MarQ by Flipkart 7 kg Semi Automatic Top Load Blue White,MarQ,7190,10990,34% off,4.2,7345 Ratings & 851 Reviews,['1350 rpm Max Speed' '5 Star Rating' '2 Years Comprehensive and 5 Years on Wash Motor from MarQ by Flipkart']
realme TechLife 7.5 kg 5 Star Rating Fabric Safe Wash Fully Automatic Top Load Grey,realme,12590,19990,37% off,4.2,15404 Ratings & 1920 Reviews,['700 rpm Max Speed' '5 Star Rating' '2 Years Comprehensive Warranty on Product and 5 Years on Motor']
Whirlpool 7.5 kg 5 Star Ace Wash Station Semi Automatic Top Load Grey,Whirlpool,11490,14000,17% off,4.4,23974 Ratings & 2199 Reviews,['1400 rpm Max Speed' '5 Star Rating' '2 Years\n  Comprehensive Warranty and 5 Years Warranty on Wash Motor and Prime Mover\n  from Whirlpool']
SAMSUNG 7 kg Inverter 5 Star with Eco Bubble Technology Washing Machine Fully Automatic Top Load Grey,SAMSUNG,17990,21500,16% off,4.4,73967 Ratings & 5809 Reviews,['700 rpm Max Speed' '5 Star Rating' '2 years comprehensive warranty on the product 20 years warranty on the DIT Motor']
MarQ by Flipkart 6 kg 5 Star Rating Semi Automatic Top Load White Maroon,MarQ,6640,10010,33% off,4.3,53562 Ratings & 6102 Reviews,['1350 RPM Max Speed' '5 Star Rating' '2 Years Comprehensive and 5 Years on Wash Motor from MarQ by Flipkart']
IFB 6 kg 5 Star 2X Power SteamHard Water Wash Fully Automatic Front Load with In-built Heater White,IFB,20990,26390,20% off,4.2,7025 Ratings & 587 Reviews,['800 rpm Max Speed' '5 Star Rating' '4 Years Comprehensive Warranty 10 Years Motor Warranty 10 Years Spares Support']
Whirlpool 6 kg 5 StarTurbo Scrub Technology Semi Automatic Top Load Grey,Whirlpool,9240,11100,16% off,4.4,66571 Ratings & 6222 Reviews,['1400 rpm Max Speed' '5 Star Rating' '2 Years\n  Comprehensive Warranty and 5 Years Warranty on Wash Motor and Prime Mover\n  from Whirlpool']
SAMSUNG 6 kg 5 Star With Hygiene Steam and Ceramic Heater Fully Automatic Front Load with In-built Hea...,SAMSUNG,21990,26500,17% off,4.4,23161 Ratings & 2321 Reviews,['1000 rpm Max Speed' '5 Star Rating' '2 years comprehensive warranty on the product 20 years warranty on the DIT Motor']
IFB 7 kg 5 Star Aqua EnergieHard Water Wash Fully Automatic Front Load with In-built Heater Silver,IFB,26990,34590,21% off,4.3,9741 Ratings & 1018 Reviews,['1000 rpm Max Speed' '5 Star Rating' '4 Years Comprehensive Warranty 10 Years Motor Warranty 10 Years Spares Support']
LG 7 kg Steam Fully Automatic Front Load with In-built Heater Silver,LG,29990,41990,28% off,4.4,8149 Ratings & 784 Reviews,['1200 rpm Max Speed' '5 Star Rating' '2 Years Comprehensive Warranty on Product and 10 Years on Motor']
SAMSUNG 6.5 kg 5 Star Inverter with Diamond Drum Fully Automatic Top Load Grey,SAMSUNG,16190,21500,24% off,4.4,73967 Ratings & 5809 Reviews,['700 rpm Max Speed' '5 Star Rating' '2 years comprehensive warranty on the product 20 years warranty on the DIT Motor']
Godrej 7 kg Fully Automatic Top Load Grey,Godrej,13990,19890,29% off,4.2,2823 Ratings & 203 Reviews,['720 rpm Max Speed' '2 Years Comprehensive Warranty and 8 Years on Wash Motor']
Haier 6.5 kg Semi Automatic Top Load White Maroon,Haier,9490,14200,33% off,4.3,1794 Ratings & 170 Reviews,['1300 rpm Max Speed' '2 Years Comprehensive Warranty on Product 5 Years Warranty on Wash Motor & Spin Motor from Haier']
LG 7 kg 5 star rating and Wind jet dry Semi Automatic Top Load Grey White,LG,11490,14190,19% off,4.5,9223 Ratings & 720 Reviews,['1350 rpm Max Speed' '5 Star Rating' '2 Years Comprehensive Warranty on product and 5 Years on Motor from LG']
SAMSUNG 7 kg Semi Automatic Top Load Grey Purple,SAMSUNG,10490,13500,22% off,4.4,19732 Ratings & 1800 Reviews,['1350 rpm Max Speed' '5 Star Rating' '2 Years Comprehensive Warranty on Product and 5 Years on Motor']
Whirlpool 7 kg 5 Star Hard Water wash Fully Automatic Top Load Grey,Whirlpool,16990,19550,13% off,4.3,30745 Ratings & 2386 Reviews,['740 rpm Max Speed' '5 Star Rating' '2 Years on Product and 5 Years on Motor']
Whirlpool 7 kg Magic Clean 5 Star Semi Automatic Top Load Black Grey,Whirlpool,10240,13600,24% off,4.4,6622 Ratings & 619 Reviews,['1400 rpm Max Speed' '5 Star Rating' '2 Years Comprehensive Warranty and 5 Years Warranty on Wash Motor']
LG 7 kg with Smart Diagnosis and Smart Inverter Fully Automatic Top Load Silver,LG,17990,20990,14% off,4.4,6628 Ratings & 503 Reviews,['700 rpm Max Speed' '5 Star Rating' '2 Years Comprehensive Warranty and 10 Years Warranty on Motor from LG']
Whirlpool 7 kg with Hard Water Wash Fully Automatic Top Load Grey,Whirlpool,15990,18950,15% off,4.3,30745 Ratings & 2386 Reviews,['740 rpm Max Speed' '5 Star Rating' '2 Years Comprehensive Warranty and 5 Years on Motor from Whirlpool']
IFB 8 kg 5 Star 2X Power Dual SteamHard Water Wash Fully Automatic Front Load with In-built Heater Si...,IFB,36090,43190,16% off,4.4,561 Ratings & 60 Reviews,['1400 RPM Max Speed' '5 Star Rating' '4 Years Comprehensive Warranty 10 Years Motor Warranty 10 Years Spares Support']
IFB 6.5 kg 5 Star Aqua Conserve Hard Water Wash Smart Sense Fully Automatic Top Load White,IFB,15990,19290,17% off,4.3,12711 Ratings & 1080 Reviews,['720 rpm Max Speed' '5 Star Rating' '4 Years Comprehensive Warranty + 10 years Motor Warranty + 10 years Spares Support']
Whirlpool 6 kg with Hard Water Wash Fully Automatic Top Load Grey,Whirlpool,13990,16800,16% off,4.3,30745 Ratings & 2386 Reviews,['740 rpm Max Speed' '5 Star Rating' '2 Years Comprehensive Warranty and 5 Years on Motor from Whirlpool']
BOSCH 8 kg Drive Motor Anti Tangle Anti Vibration Fully Automatic Front Load with In-built Heater Wh...,BOSCH,31990,43299,26% off,4.4,15039 Ratings & 1512 Reviews,['1200 rpm Max Speed' '5 Star Rating' '2 Years Warranty on Product and 12 Years on Motor']
realme TechLife 8 kg 5 Star Rating Fully Automatic Top Load with In-built Heater Grey,realme,15190,26490,42% off,4.2,15404 Ratings & 1920 Reviews,['700 rpm Max Speed' '5 Star Rating' '2 Years Comprehensive Warranty on Product and 5 Years on Motor']
realme TechLife 7.5 kg 5 Star Rating Semi Automatic Top Load Black Grey,realme,8490,13990,39% off,4.2,9918 Ratings & 1198 Reviews,['1400 RPM Max Speed' '5 Star Rating' '2 Years Comprehensive and 5 Years on Wash Motor']
Whirlpool 7 kg 5 StarTurbo Scrub Technology Semi Automatic Top Load Grey,Whirlpool,10240,11250,8% off,4.4,66571 Ratings & 6222 Reviews,['1450 rpm Max Speed' '5 Star Rating' '2 Years\n  Comprehensive Warranty and 5 Years Warranty on Wash Motor and Prime Mover\n  from Whirlpool']
realme TechLife 6.5 kg with Fully Automatic Top Load Grey,realme,11790,16490,28% off,4.2,15404 Ratings & 1920 Reviews,['700 rpm Max Speed' '5 Star Rating' '2 Years Comprehensive Warranty on Product and 5 Years on Motor']
Midea 7 kg 5 Star Fully Automatic Front Load with In-built Heater Grey,Midea,24990,33990,26% off,4.1,317 Ratings & 48 Reviews,['1200 rpm Max Speed' '5 Star Rating' '2 Years Warranty from Midea']
BOSCH 7 kg Drive Motor Anti Tangle Anti Vibration Fully Automatic Front Load with In-built Heater Wh...,BOSCH,27990,37899,26% off,4.4,15039 Ratings & 1512 Reviews,['1000 rpm Max Speed' '5 Star Rating' '2 Years Warranty on Product and 12 Years on Motor']
IFB 7 kg 5 Star Aqua Conserve Hard Water Wash Smart Sense Fully Automatic Top Load Grey White,IFB,17990,21490,16% off,4.3,12711 Ratings & 1080 Reviews,['720 rpm Max Speed' '5 Star Rating' '4 Years Comprehensive Warranty + 10 years Motor Warranty + 10 years Spares Support']
realme TechLife 8.5 kg with Semi Automatic Top Load Grey Black,realme,10790,18990,43% off,4.2,9918 Ratings & 1198 Reviews,['1400 RPM Max Speed' '5 Star Rating' '2 Years Comprehensive and 5 Years on Wash Motor']
SAMSUNG 7 kg 5 Star With Hygiene Steam and Digital Inverter Fully Automatic Front Load with In-built H...,SAMSUNG,27490,34700,20% off,4.4,23161 Ratings & 2321 Reviews,['1200 rpm Max Speed' '5 Star Rating' '2 years comprehensive warranty on the product 20 years warranty on the DIT Motor']
ONIDA 8 kg 5 star and In-built Basket Semi Automatic Top Load Grey,ONIDA,9990,13670,26% off,4.2,5884 Ratings & 574 Reviews,['1450 rpm Max Speed' '5 Star Rating' '2 Years Comprehensive Warranty on Product 5 Years Warranty on Motor']
Sansui 7 kg Semi Automatic Top Load Red White,Sansui,7690,12990,40% off,4.3,11240 Ratings & 1011 Reviews,['1300 rpm Max Speed' '5 Star Rating' '2 Years Comprehensive and 5 Years Motor Domestic Warranty from Sansui']
SAMSUNG 7 kg Inverter 5 Star with Ecobubble & Super Speed Technology Washing Machine Fully Automatic T...,SAMSUNG,19490,24000,18% off,4.3,12023 Ratings & 1074 Reviews,['700 rpm Max Speed' '5 Star Rating' '2 years comprehensive warranty on the product 20 years warranty on the DIT Motor']
IFB 9 kg 5 Star 2X Power SteamHard Water Wash Fully Automatic Front Load with In-built Heater Silver,IFB,39990,46990,14% off,4.4,1224 Ratings & 150 Reviews,['1400 rpm Max Speed' '5 Star Rating' '4 Years Comprehensive Warranty 10 Years Motor Warranty 10 Years Spares Support']
LG 6.5 kg with Steam and Smart Diagnosis Fully Automatic Front Load with In-built Heater White,LG,25990,33990,23% off,4.4,8194 Ratings & 761 Reviews,['1000 rpm Max Speed' '5 Star Rating' '2 Years Comprehensive and 10 Years on Motor from LG']
LG 7.5 kg 5 star Semi Automatic Top Load Purple,LG,12690,14990,15% off,4.4,3068 Ratings & 270 Reviews,['1300 RPM Max Speed' '5 Star Rating' '2 Years Comprehensive and 5 Years on Motor From LG']
Whirlpool 7.5 kg 5 Star Fully Automatic Top Load with In-built Heater Grey,Whirlpool,21490,23300,7% off,4.3,4010 Ratings & 373 Reviews,['740 rpm Max Speed' '5 Star Rating' '2 Years Comprehensive Warranty and 10 Years on Motor from Whirlpool']
LG 8 kg Smart inverter Smart closing door and 5 star rated Fully Automatic Top Load Silver,LG,21490,29990,28% off,4.4,6628 Ratings & 503 Reviews,['700 rpm Max Speed' '5 Star Rating' '2 Years Comprehensive Warranty on Product and 10 Years Warranty on Motor (T&C)']
ONIDA 7 kg with 5 Star Fully Automatic Top Load Grey,ONIDA,12990,21990,40% off,4.2,43250 Ratings & 5066 Reviews,['750 rpm Max Speed' '5 Star Rating' '2 Years Comprehensive Warranty on Product 5 Years Warranty on Motor']
Whirlpool 8.5 kg 5 Star Semi Automatic Top Load Red White,Whirlpool,13470,15728,14% off,4.4,255 Ratings & 15 Reviews,['1450 rpm Max Speed' '5 Star Rating' '2 Years Comprehensive Warranty on Product and 5 Years Warranty on Motor and Prime Mover from Whirlpool']
LG 11 kg with Roller Jet Pulsator Soak and Smart Filter Semi Automatic Top Load Black,LG,18269,22490,18% off,4.5,1798 Ratings & 166 Reviews,['1300 rpm Max Speed' '5 Star Rating' '2 Years Comprehensive Warranty on Product and 5 Years on Motor']
SAMSUNG 7.5 kg Semi Automatic Top Load Blue Grey,SAMSUNG,11990,15500,22% off,4.4,15631 Ratings & 1242 Reviews,['1300 rpm Max Speed' '5 Star Rating' '2 Years warranty on product 5 Years warranty on motor']
Godrej 6.2 kg with Metal drum Fully Automatic Top Load Grey,Godrej,12990,17900,27% off,4.2,5696 Ratings & 431 Reviews,['700 rpm Max Speed' '2 Years Comprehensive Warranty and 10 Years warranty on Motor from Godrej']
realme TechLife 8 kg 5 Star Rating Semi Automatic Top Load White Black,realme,10290,17490,41% off,4.2,9918 Ratings & 1198 Reviews,['1400 RPM Max Speed' '5 Star Rating' '2 Years Comprehensive and 5 Years on Wash Motor']
Panasonic 6 kg 5 Star AquaBeat Wash Fully Automatic Top Load Grey,Panasonic,13990,16700,16% off,4.3,9162 Ratings & 1238 Reviews,['680 rpm Max Speed' '5 Star Rating' '2 Year  Comprehensive Warranty and 10 Years on Motor from Panasonic']
Whirlpool 7.5 kg 5 Star Hard Water wash Fully Automatic Top Load Grey,Whirlpool,17990,19950,9% off,4.3,9192 Ratings & 775 Reviews,['740 rpm Max Speed' '5 Star Rating' '2 Years on Product and 5 Years on Motor']
Sansui 9 kg Semi Automatic Top Load White Maroon,Sansui,10390,15990,35% off,4.3,11240 Ratings & 1011 Reviews,['1350 rpm Max Speed' '5 Star Rating' '2 Years Comprehensive Warranty On Product and 5 Years on Motor']
LG 8 kg with Jet Sprey Auto Pre Wash Smart Diagnosis Smart Closing Door and 10 Water Levels Fully A...,LG,24240,30990,21% off,4.5,2379 Ratings & 205 Reviews,['700 rpm Max Speed' '5 Star Rating' '2 Years Warranty on Complete Washing Machine and 10 Years on Motor from LG']
LG 7 kg with Smart Diagnosis and Smart Closing Door Fully Automatic Top Load Silver,LG,19890,25990,23% off,4.4,676 Ratings & 62 Reviews,['700 rpm Max Speed' '5 Star Rating' '2 Years Comprehensive Warranty on Product and 10 Years Warranty on Motor from LG']
Voltas Beko 7 kg Semi Automatic Top Load Maroon White,Voltas,9490,15290,37% off,4.3,518 Ratings & 47 Reviews,['1300 rpm Max Speed' '2 Years Comprehensive Warranty on Product 5 Years Warranty on Motor']
IFB 6.5 kg 5 Star Aqua Conserve Hard Water Wash Smart Sense Fully Automatic Top Load Grey,IFB,18590,22050,15% off,4.3,24178 Ratings & 2997 Reviews,['720 rpm Max Speed' '5 Star Rating' '4 Years Comprehensive Warranty + 10 years Motor Warranty + 10 years Spares Support']
Lloyd 8 kg Semi Automatic Top Load Blue White,Lloyd,10990,18990,42% off,4.3,459 Ratings & 38 Reviews,['1300 rpm Max Speed' '5 Star Rating' '2 Years Comprehensive on Washing Machine and 10 Years on Motor from Lloyd']
LG 7.5 kg Fully Automatic Top Load Silver,LG,18190,24990,27% off,4.3,638 Ratings & 50 Reviews,['700 rpm Max Speed' '5 Star Rating' '2 Years Comprehensive Warranty and 10 Years Warranty on Motor from LG']
SAMSUNG 9 kg WiFi Enabled Inverter 5 Star with Ecobubble Technology Washing Machine Fully Automatic To...,SAMSUNG,24790,30500,18% off,4.3,3203 Ratings & 254 Reviews,['700 rpm Max Speed' '5 Star Rating' '2 years comprehensive warranty on the product 20 years warranty on the DIT Motor']
BOSCH 6.5 kg 5 Star With Vario Drum & Anti Tangle Program Fully Automatic Top Load Grey,BOSCH,18990,24190,21% off,4.2,174 Ratings & 20 Reviews,['680 rpm Max Speed' '5 Star Rating' '2 Years Warranty on Product and 10 Years on Motor']
Whirlpool 8 kg 5 Star Semi Automatic Top Load Grey,Whirlpool,14022,15000,6% off,4.4,6622 Ratings & 619 Reviews,['1400 rpm Max Speed' '5 Star Rating' '2 Years\n  Comprehensive Warranty and 5 Years Warranty on Wash Motor and Prime Mover\n  from Whirlpool']
Whirlpool 7.5 kg Magic Clean 5 Star Fully Automatic Top Load Grey,Whirlpool,17990,23850,24% off,4.2,384 Ratings & 44 Reviews,['740 rpm Max Speed' '5 Star Rating' '2 Years Comprehensive Warranty on Product and 5 Years on Prime Mover and Motor']
Thomson 6.5 kg with Semi Automatic Top Load Blue White,Thomson,6990,9999,30% off,4,1551 Ratings & 146 Reviews,['1400 rpm Max Speed' '2 Years Warranty on Product and 5 Years on Motor']
LG 8 kg Wifi Fully Automatic Front Load with In-built Heater Black Grey,LG,36750,51990,29% off,4.7,15 Ratings & 3 Reviews,['1200 rpm Max Speed' '5 Star Rating' '2 Years Comprehensive Warranty on Product and 10 Years Warranty on Motor T&C']
Whirlpool 6.5 kg Fully Automatic Top Load Grey,Whirlpool,13999,17700,20% off,4.3,3409 Ratings & 326 Reviews,['740 rpm Max Speed' '2 Years Comprehensive Warranty from Whirlpool']
Thomson 7 kg Semi Automatic Top Load Blue White,Thomson,7490,10499,28% off,4,1551 Ratings & 146 Reviews,['1400 rpm Max Speed' '2 Years Warranty on Product and 5 Years Warranty on Motor']
LG 8 kg Semi Automatic Top Load Maroon White,LG,14650,16490,11% off,4.4,1635 Ratings & 126 Reviews,['1350 RPM Max Speed' '5 Star Rating' '2 Years Comprehensive and 5 Years on Motor From LG']
SAMSUNG 8.5 kg Semi Automatic Top Load White Grey,SAMSUNG,14490,23674,38% off,4.3,212 Ratings & 16 Reviews,['1350 rpm Max Speed' '5 Star Rating' '2 Years on Product and 5 Years on Motor From Samsung']
Whirlpool 9.5 kg 5 StarWith Hard water wash Fully Automatic Top Load with In-built Heater Grey,Whirlpool,27150,40500,32% off,4.1,1699 Ratings & 169 Reviews,['740 rpm Max Speed' '5 Star Rating' '3 Years Comprehensive Warranty and 10 Years Warranty on Motor from Whirlpool']
IFB 8 kg 5 Star 2X Power Dual SteamHard Water Wash Fully Automatic Front Load Grey,IFB,36990,44990,17% off,4.3,663 Ratings & 50 Reviews,['1400 RPM Max Speed' '5 Star Rating' '4 Years Comprehensive Warranty 10 Years Motor Warranty 10 Years Spares Support']
LG 8 kg Steam Fully Automatic Front Load with In-built Heater White,LG,32990,42990,23% off,4.4,5055 Ratings & 479 Reviews,['1400 RPM Max Speed' '5 Star Rating' '2 Years Comprehensive Warranty on Product and 10 Years Warranty on Motor T&C']
Godrej 6.5 kg Fully Automatic Top Load Grey,Godrej,13290,19600,32% off,4.2,2823 Ratings & 203 Reviews,['700 rpm Max Speed' '2 Years Comprehensive Warranty on Product  and 10 Years Warranty on Wash Motor']
Whirlpool 7 kg Magic Clean 5 Star Fully Automatic Top Load Grey,Whirlpool,16490,22500,26% off,4.3,81 Ratings & 12 Reviews,['740 rpm Max Speed' '5 Star Rating' '2 Years Comprehensive Warranty on Product and 5 Years on Prime Mover and Motor']
ONIDA 6.5 kg Washer only Red,ONIDA,5590,5800,3% off,4.3,21178 Ratings & 2525 Reviews,['780 rpm Max Speed' '1 Year Comprehensive Warranty on Product 7 Years Warranty on Motor']
Voltas Beko 7 kg Semi Automatic Top Load Maroon,Voltas,9090,12999,30% off,4,227 Ratings & 18 Reviews,['1350 RPM Max Speed' '5 Star Rating' '2 Years Comprehensive']
SAMSUNG 8 kg Inverter 5 Star with Ecobubble & Super Speed Technology Washing Machine Fully Automatic T...,SAMSUNG,22990,28000,17% off,4.3,3203 Ratings & 254 Reviews,['700 rpm Max Speed' '5 Star Rating' '2 years comprehensive warranty on the product 20 years warranty on the DIT Motor']
Whirlpool 7.5 kg 5 StarWith Hard water wash Fully Automatic Top Load with In-built Heater Grey,Whirlpool,21850,30000,27% off,4.3,908 Ratings & 66 Reviews,['740 rpm Max Speed' '5 Star Rating' '3 Years Comprehensive Warranty on Product and 10 Years on Motor from Whirlpool']
ONIDA 8 kg 5 Star With Hexa Crystal Drum Technology Fully Automatic Top Load Black,ONIDA,16690,26490,36% off,4.5,251 Ratings & 50 Reviews,['700 rpm Max Speed' '5 Star Rating' '2 Years Comprehensive Warranty and 5 Years Warranty on Wash Motor from Onida']
Godrej 6.2 kg Fully Automatic Top Load Grey,Godrej,12435,18990,34% off,4.2,2823 Ratings & 203 Reviews,['700 rpm Max Speed' '2 Years Warranty on Entire Product and 10 Years on Motor']
Whirlpool 7.5 kg Magic Clean 5 Star Semi Automatic Top Load Black Grey,Whirlpool,11490,14700,21% off,4.4,6622 Ratings & 619 Reviews,['1400 rpm Max Speed' '5 Star Rating' '2 Years Comprehensive Warranty and 5 Years Warranty on Wash Motor']
Panasonic 7 kg Fully Automatic Top Load Silver,Panasonic,16490,25000,34% off,4.3,9162 Ratings & 1238 Reviews,['1380 rpm Max Speed' '5 Star Rating' '2 Years Comprehensive Warranty and 8 Years Additional on Motor']
BOSCH 8 kg Drive Motor Anti Tangle Anti Vibration Fully Automatic Front Load with In-built Heater Wh...,BOSCH,34990,48190,27% off,4.4,1985 Ratings & 186 Reviews,['1200 RPM Max Speed' '5 Star Rating' '2 Years Warranty on Product and 12 Years Warranty on Motor']
Sansui 6.5 kg Semi Automatic Top Load White Maroon,Sansui,7490,10990,31% off,4.3,11240 Ratings & 1011 Reviews,['1300 rpm Max Speed' '5 Star Rating' '2 Years Comprehensive Warranty On Product and 5 Years on Motor']
Whirlpool 6.5 kg 5 Star Semi Automatic Top Load Grey,Whirlpool,9490,11550,17% off,4.4,66571 Ratings & 6222 Reviews,['1400 rpm Max Speed' '5 Star Rating' '2 Years\n  Comprehensive Warranty and 5 Years Warranty on Wash Motor and Prime Mover\n  from Whirlpool']
Lloyd 7.5 kg Semi Automatic Top Load Red White,Lloyd,9690,13840,29% off,4.4,494 Ratings & 46 Reviews,['1300 rpm Max Speed' '5 Star Rating' '2 Years Comprehensive on Washing Machine and 5 Year on Motor from Lloyd']
IFB 6.5 kg 5 Star 2X Power SteamHard Water Wash Fully Automatic Front Load Silver,IFB,29990,34990,14% off,4.6,55 Ratings & 4 Reviews,['1000 rpm Max Speed' '5 Star Rating' '4 Years Comprehensive Warranty 10 Years Motor Warranty 10 Years Spares Support']
BOSCH 6 kg Drive Motor Anti Tangle Anti Vibration Fully Automatic Front Load with In-built Heater Wh...,BOSCH,26490,30890,14% off,4.4,15039 Ratings & 1512 Reviews,['800 rpm Max Speed' '5 Star Rating' '2 Years Warranty on Product and 12 Years on Motor']
IFB 10 kg Fully Automatic Top Load with In-built Heater Grey,IFB,30838,36990,16% off,4.5,6 Ratings & 1 Reviews,['720 rpm Max Speed' '5 Star Rating' '4 Years Comprehensive Warranty on Product 10 Years Warranty on Motor and 10 Years Spares Support']
LG 8 kg with Roller Jet Pulsator + Soak Semi Automatic Top Load Grey,LG,14994,17490,14% off,4.2,79 Ratings & 4 Reviews,['800 RPM Max Speed' '5 Star Rating' '2 Years Warranty on Complete Washing Machine and 5 Years on Motor from LG']
LG 8 kg Roller Jet Pulsator Wind Jet dry 5 Star rated Semi Automatic Top Load Multicolor,LG,14490,19990,27% off,4.5,9223 Ratings & 720 Reviews,['1300 rpm Max Speed' '5 Star Rating' '2 Years Comprehensive Warranty on product 5 Years Warranty on Motor']
Haier 6.5 kg Fully Automatic Front Load with In-built Heater Grey,Haier,27490,37857,27% off,4.7,3 Ratings & 0 Reviews,['1000 RPM Max Speed' '5 Star Rating' '2 years on product 12 years on motor']
Godrej 7.5 kg Fully Automatic Top Load with In-built Heater Black,Godrej,18490,28500,35% off,4.3,37 Ratings & 4 Reviews,['670 rpm Max Speed' '5 Star Rating' '2 Years Warranty on Entire Washing Machine and 10 Years on Motor From Godrej']
Voltas Beko 14 kg Semi Automatic Top Load White Maroon,Voltas,15799,25490,38% off,5,5 Ratings & 2 Reviews,['750 RPM Max Speed' '5 Star Rating' '2 Years Comprehensive Warranty and 5 Years on Motor from Lloyd']
Whirlpool 11 kg Semi Automatic Top Load Grey,Whirlpool,16449,19990,17% off,4.4,273 Ratings & 19 Reviews,['1400 RPM Max Speed' '5 Star Rating' '2 Years Comprehensive Warranty and 5 Years Warranty on Motor and Prime Mover From Whirlpool']
IFB 7 kg 5 Star 2X Power SteamHard Water Wash Fully Automatic Front Load with In-built Heater White,IFB,29490,35290,16% off,4.2,692 Ratings & 79 Reviews,['1000 RPM Max Speed' '5 Star Rating' '4 Years Comprehensive Warranty 10 Years Motor Warranty 10 Years Spares Support']
LG 7 kg Fully Automatic Top Load Silver,LG,18990,24990,24% off,4.3,167 Ratings & 22 Reviews,['780 rpm Max Speed' '5 Star Rating' '2 Years Comprehensive Warranty on Product and 10 Years Warranty on Motor from LG']
Sansui 8.5 kg Semi Automatic Top Load Red White,Sansui,10150,15990,36% off,4.3,11240 Ratings & 1011 Reviews,['1350 rpm Max Speed' '5 Star Rating' '2 Years Comprehensive and 5 Years Motor Domestic Warranty from Sansui']
IFB 7 kg 5 Star 2X Power SteamHard Water Wash Fully Automatic Front Load with In-built Heater Red,IFB,36470,41990,13% off,4.2,692 Ratings & 79 Reviews,['1200 rpm Max Speed' '5 Star Rating' '4 Years Warranty on Product 10 Years Warranty on Motor and 10 Years Warranty on Spare Part Support']
Whirlpool 8 kg 5 Star Supersoak Technology Semi Automatic Top Load Red,Whirlpool,12150,15999,24% off,4.4,5294 Ratings & 642 Reviews,['1400 rpm Max Speed' '2 Years Comprehensive Warranty and 5 Years Warranty on Wash Motor Spin motor and Prime Mover from Whirlpool']
Voltas Beko 14 kg Semi Automatic Top Load White Maroon,Voltas,15969,25490,37% off,5,5 Ratings & 2 Reviews,['750 RPM Max Speed' '5 Star Rating' '2 Years Comprehensive Warranty and 5 Years on Motor from Lloyd']
LG 9 kg with Roller Jet Pulsator Semi Automatic Top Load Grey White,LG,15490,17490,11% off,4.5,2639 Ratings & 230 Reviews,['1300 rpm Max Speed' '5 Star Rating' '2 Years Comprehensive and 5 Years on Motor From LG']
Whirlpool 9 kg 5 Star Hard Water wash Semi Automatic Top Load Grey,Whirlpool,14990,17200,12% off,4.3,2655 Ratings & 246 Reviews,['1400 rpm Max Speed' '5 Star Rating' '2 Years\n  Comprehensive Warranty and 5 Years Warranty on Wash Motor and Prime Mover\n  from Whirlpool']
BOSCH 8 kg Drive Motor Anti Tangle Anti Vibration Fully Automatic Front Load with In-built Heater Si...,BOSCH,35490,46499,23% off,4.4,3604 Ratings & 397 Reviews,['1200 rpm Max Speed' '5 Star Rating' '2 Years on Product and 12 Years on Motor from Bosch']
Whirlpool 7.5 kg 5 StarWith Hard water wash Fully Automatic Top Load Grey,Whirlpool,21850,31100,29% off,4.2,549 Ratings & 48 Reviews,['740 rpm Max Speed' '5 Star Rating' '3 Years Comprehensive Warranty on Product and 10 Years Warranty on Motor and Prime Mover']
IFB 9 kg Fully Automatic Top Load with In-built Heater Silver,IFB,30140,34990,13% off,4,4 Ratings & 1 Reviews,['720 rpm Max Speed' '5 Star Rating' '4 Years Comprehensive Warranty on Product 10 Years Warranty on Motor and 10 Years Spares Support']
Voltas Beko 8 kg Semi Automatic Top Load Blue White,Voltas,10203,16990,39% off,4.3,518 Ratings & 47 Reviews,['1300 rpm Max Speed' '2 Years Comprehensive Warranty on Product 5 Years Warranty on Motor']
SAMSUNG 8 kg With AI Control & Wi-Fi and Digital Inverter Fully Automatic Front Load with In-built Hea...,SAMSUNG,36990,44900,17% off,4.4,23161 Ratings & 2321 Reviews,['1400 rpm Max Speed' '5 Star Rating' '2 years comprehensive warranty on the product 20 years warranty on the DIT Motor']
BOSCH 7 kg 5 Star Withï¿½ Vario Drum & Anti Tangle Program Fully Automatic Top Load White,BOSCH,22490,25190,10% off,4.2,174 Ratings & 20 Reviews,['680 rpm Max Speed' '5 Star Rating' '2 Years Warranty on Product and 10 Years on Motor']
BOSCH 6.5 kg Drive Motor Anti Tangle Anti Vibration Fully Automatic Front Load with In-built Heater ...,BOSCH,28990,35199,17% off,4.3,935 Ratings & 102 Reviews,['1000 rpm Max Speed' '5 Star Rating' '2 Years Warranty on Product and 12 Years on Motor']
Panasonic 6.5 kg Fully Automatic Top Load Silver,Panasonic,14890,23000,35% off,4.3,9162 Ratings & 1238 Reviews,['1380 rpm Max Speed' '5 Star Rating' '2 Years Comprehensive Warranty and  8 Years Additional on Motor']
LG 9 kg with Jet Sprey Auto Pre Wash Smart Diagnosis Smart Closing Door and 10 Water Levels Fully A...,LG,27490,36990,25% off,4.4,1067 Ratings & 96 Reviews,['700 rpm Max Speed' '5 Star Rating' '2 Years Comprehensive Warranty and 10 Years Warranty on Motor from LG']
MarQ by Flipkart 9 kg 5 Star Glass Lid Semi Automatic Top Load White Blue,MarQ,10990,15299,28% off,4.3,11246 Ratings & 1414 Reviews,['1400 rpm Max Speed' '5 Star Rating' '2 Years Comprehensive and 5 Years on Wash Motor from MarQ by Flipkart']
IFB 11 kg Fully Automatic Top Load with In-built Heater Grey,IFB,32850,38990,15% off,4,3 Ratings & 0 Reviews,['720 rpm Max Speed' '5 Star Rating' '4 Years Comprehensive Warranty on Product 10 Years Warranty on Motor and 10 Years Spares Support']
Thomson 10 kg Semi Automatic Top Load Black White,Thomson,11990,15499,22% off,4.1,1967 Ratings & 214 Reviews,['1400 rpm Max Speed' '2 Years Warranty on Product and 5 Years on Motor from Thomson']
LG 10 kg Whiteï¿½with Roller Jet Pulsator Soak and Smart Filter Semi Automatic Top Load Grey White,LG,18090,21990,17% off,4.5,442 Ratings & 42 Reviews,['1300 rpm Max Speed' '5 Star Rating' '2 Years Comprehensive and 5 Years on Motor from LG']
Godrej 8 kg Semi Automatic Top Load Black White,Godrej,14390,17000,15% off,4.3,477 Ratings & 41 Reviews,['1440 rpm Max Speed' '5 Star Rating' '2 Years Warranty on Entire Washing Machine and 5 Years Warranty on Wash Motor from Godrej']
LG 6.5 kg with Smart Diagnosis Smart Closing Door and 10 Water Levels Fully Automatic Top Load Silver,LG,20990,24990,16% off,4.4,2878 Ratings & 297 Reviews,['700 rpm Max Speed' '5 Star Rating' '2 Years Warranty on Product and 10 Years on Motor']
Whirlpool 7.5 kg 5 Star Hard Water wash Fully Automatic Top Load Grey,Whirlpool,19990,21350,6% off,4.3,14228 Ratings & 1389 Reviews,['740 rpm Max Speed' '5 Star Rating' '2 Years Comprehensive Warranty and 10 Years Warranty on Motor and Prime Mover from Whirlpool']
SAMSUNG 7 kg Fully Automatic Top Load Grey,SAMSUNG,20990,25000,16% off,4.2,13 Ratings & 1 Reviews,['700 RPM Max Speed' '5 Star Rating' '3 Years warranty on product 12 Years warranty on Digital Inverter Motor']
IFB 8 kg Fully Automatic Top Load with In-built Heater Brown,IFB,28578,32950,13% off,4.3,7 Ratings & 1 Reviews,['720 RPM Max Speed' '5 Star Rating' '4 Years Super Warranty + 10 Years Spare Parts Support + 10 Years Motor Warranty']
Voltas Beko 8.5 kg Semi Automatic Top Load Maroon White,Voltas,11290,17990,37% off,4.3,518 Ratings & 47 Reviews,['1300 rpm Max Speed' '2 Years Comprehensive Warranty on Product 5 Years Warranty on Motor']
Whirlpool 7.5 kg 5 Star Fully Automatic Top Load with In-built Heater Grey,Whirlpool,22990,26400,12% off,4.3,1417 Ratings & 149 Reviews,['740 rpm Max Speed' '5 Star Rating' '2 Years Comprehensive and 10 Years on Motor from Whirlpool']
LG 7 kg Semi Automatic Top Load Red,LG,13249,14990,11% off,4.3,105 Ratings & 7 Reviews,['1300 rpm Max Speed' '5 Star Rating' '2 Years Comprehensive and 5 Years on Motor from LG']
White Westinghouse (Trademark by Electrolux) 6.5 kg Semi Automatic Top Load White Maroon,White,6990,10999,36% off,4.1,1249 Ratings & 114 Reviews,['1400 rpm Max Speed' '2 Years Warranty on Product and 2 Years Additional on Motor from White Westinghouse']
LG 7 kg Wifi Fully Automatic Front Load with In-built Heater Black,LG,33890,44990,24% off,4.2,17 Ratings & 0 Reviews,['1200 rpm Max Speed' '5 Star Rating' '2 Years Warranty on Product and 10 Years Warranty on Motor (T&C)']
Voltas Beko 7 kg Semi Automatic Top Load White,Voltas,8890,12990,31% off,4.3,15 Ratings & 0 Reviews,['1350 RPM Max Speed' '5 Star Rating' '2 Years Comprehensive']
Whirlpool 9.5 kg Fully Automatic Top Load with In-built Heater Black Grey,Whirlpool,25480,34990,27% off,4.4,34 Ratings & 5 Reviews,['740 rpm Max Speed' '5 Star Rating' '3 Years Comprehensive Warranty on Product and 12 Years Warranty on Prime Mover & Motor']
SAMSUNG 8 kg 5 Star With Activ Wash+ Technology and Digital Inverter Fully Automatic Top Load Black P...,SAMSUNG,21990,28500,22% off,4.3,3203 Ratings & 254 Reviews,['700 rpm Max Speed' '5 Star Rating' '2 years comprehensive warranty on the product 20 years warranty on the DIT Motor']
Midea 7 kg 5 Star Fully Automatic Top Load Grey,Midea,13190,19990,34% off,4.2,1421 Ratings & 183 Reviews,['680 rpm Max Speed' '5 Star Rating' '2 Years Warranty on Product']
SAMSUNG 7 kg Semi Automatic Top Load Red White Grey,SAMSUNG,11250,12500,10% off,4.4,883 Ratings & 76 Reviews,['1300 rpm Max Speed' '5 Star Rating' '2 Years on Product and 5 Years Warranty on Motor']
Whirlpool 7.5 kg Fully Automatic Top Load with In-built Heater Grey,Whirlpool,19570,23999,18% off,4.3,122 Ratings & 7 Reviews,['740 RPM Max Speed' '5 Star Rating' '2 Years Comprehensive Warranty on Product and 10 Years Warranty on Motor from Whirlpool']
Thomson 7 kg Washer only Red White,Thomson,5500,7999,31% off,4.1,562 Ratings & 73 Reviews,['780 rpm Max Speed' '1 Years Comprehensive Warranty on Product and 5 Years on Wash Motor']
LG 7 kg Fully Automatic Top Load Black,LG,21980,28989,24% off,4.3,57 Ratings & 2 Reviews,['700 rpm Max Speed' '5 Star Rating' '2 Years Comprehensive and 10 Years on Motor from LG']
BOSCH 6 kg Drive Motor Anti Tangle Anti Vibration Fully Automatic Front Load Silver,BOSCH,28490,35090,18% off,4.4,2445 Ratings & 209 Reviews,['1000 rpm Max Speed' '5 Star Rating' '2 Years on Product and 12 Years on Motor from Bosch']
SAMSUNG 6.5 kg Fully Automatic Front Load with In-built Heater Silver,SAMSUNG,29900,35900,16% off,4.5,15 Ratings & 2 Reviews,['1000 rpm Max Speed' '5 Star Rating' '2 years comprehensive warranty on the product 20 years warranty on the DIT Motor']
Haier 8.5 kg Semi Automatic Top Load Multicolor,Haier,13990,20900,33% off,4.3,84 Ratings & 8 Reviews,['1300 rpm Max Speed' '5 Star Rating' '3 Years Comprehensive Warranty on Product 10 Years Warranty on Wash Motor & 5 Years Warranty on Spin Motor from Haier']
IFB 6 kg 5 Star Gentle Wash Aqua Energie Laundry Add In-built heater Fully Automatic Front Load wit...,IFB,29990,34090,12% off,4.4,321 Ratings & 29 Reviews,['1000 rpm Max Speed' '5 Star Rating' '4 Years Comprehensive Warranty and 10 Years Spare Part Support From IFB']
SAMSUNG 9.5 kg Semi Automatic Top Load White Blue,SAMSUNG,16590,18300,9% off,4.5,245 Ratings & 18 Reviews,['1300 rpm Max Speed' '2 Years Comprehensive Warranty and 5 Years Warranty on Motor from Samsung']
SAMSUNG 8 kg Semi Automatic Top Load White Grey,SAMSUNG,13990,16590,15% off,4.4,432 Ratings & 37 Reviews,['1350 rpm Max Speed' '5 Star Rating' '2 Years on Product and 5 Years on Motor From Samsung']
IFB 8 kg 5 Star 2X Power Dual SteamHard Water Wash Fully Automatic Front Load with In-built Heater Si...,IFB,36090,41990,14% off,4.4,217 Ratings & 29 Reviews,['1200 rpm Max Speed' '5 Star Rating' '4 Years Comprehensive Warranty 10 Years Motor Warranty 10 Years Spares Support']
LG 7 kg 5 Star Fully Automatic Front Load with In-built Heater Silver,LG,31990,42990,25% off,4.4,5370 Ratings & 541 Reviews,['1200 rpm Max Speed' '5 Star Rating' '2 Years on Product and 10 Years on Motor from LG']
Haier 8 kg Fully Automatic Top Load Brown Grey,Haier,19990,30000,33% off,4.3,8573 Ratings & 686 Reviews,['800 rpm Max Speed' '5 Star Rating' '2 Years Comprehensive Warranty on Product and 10 Years Warranty on Motor from Haier']
Voltas Beko 9 kg Semi Automatic Top Load Multicolor,Voltas,13649,20590,33% off,4.6,5 Ratings & 1 Reviews,['1350 rpm Max Speed' '5 Star Rating' '2 Year Comprehensive Warranty on Product and 8 Years Warranty on Wash Motor & Additional 3 Year on Spin Motor (2 Years Standard + 3 Years Extended Warranty on Spin Motor)']
SAMSUNG 7 kg Fully Automatic Top Load Grey,SAMSUNG,21394,25000,14% off,4.2,13 Ratings & 1 Reviews,['700 RPM Max Speed' '5 Star Rating' '3 Years warranty on product 12 Years warranty on Digital Inverter Motor']
LG 8 kg Fully Automatic Front Load with In-built Heater Black,LG,36780,52990,30% off,4.6,19 Ratings & 2 Reviews,['1400 rpm Max Speed' '5 Star Rating' '2 Years Warranty on Product and 10 Years Warranty on Motor (T&C)']
Thomson 7.5 kg 5 Star Rating Smart Pro Wash Technology Semi Automatic Top Load White Blue Grey,Thomson,8990,10999,18% off,4.1,1967 Ratings & 214 Reviews,['1400 rpm Max Speed' '5 Star Rating' '2 Years Comprehensive Warranty and 4 Years Warranty on Motor from Thomson']
MarQ by Flipkart 7.5 kg Washer only White Green,MarQ,5190,8999,42% off,3.9,1063 Ratings & 135 Reviews,['0 RPM Max Speed' '2 Years Comprehensive and 5 Years on Motor from MarQ by Flipkart']
LG 6 kg Fully Automatic Front Load with In-built Heater White,LG,27990,30990,9% off,4.5,23 Ratings & 1 Reviews,['1000 rpm Max Speed' '2 Years Comprehensive Warranty on Product and 10 Years Warranty on Motor from LG']
IFB 8.5/6.5 kg Refresher 3-in-1 Laundrimagic Wi-fi enabled Inverter with Steam Washer with Dryer with ...,IFB,60580,67990,10% off,4.3,39 Ratings & 3 Reviews,['1400 rpm Max Speed' '5 Star Rating' '4 Years Complete Machine warranty 10 Years Motor Warranty and 10 Years Spare Part Support from IFB']
Midea 6 kg 5 Star Fully Automatic Front Load with In-built Heater Grey,Midea,21490,29990,28% off,4.1,317 Ratings & 48 Reviews,['1000 rpm Max Speed' '5 Star Rating' '2 Years Warranty from Midea']
LG 9 kg Fully Automatic Top Load Grey,LG,27450,33990,19% off,4.6,5 Ratings & 1 Reviews,['780 RPM Max Speed' '5 Star Rating' '2 Years Warranty on Product and 10 Years Warranty on Motor']
Thomson 7.5 kg Fully Automatic Front Load with In-built Heater White,Thomson,17990,25999,30% off,4.1,1030 Ratings & 209 Reviews,['1000 rpm Max Speed' '2 Years Warranty on Product and 5 Years on Motor']
Whirlpool 12 kg With Hard water wash Fully Automatic Top Load with In-built Heater Grey,Whirlpool,30490,39900,23% off,4.4,655 Ratings & 77 Reviews,['740 rpm Max Speed' '2 Years Warranty on Product and 10 Years Warranty on Motor & Prime Mover from Whirlpool']
Godrej 7 kg Fully Automatic Front Load with In-built Heater Silver,Godrej,32290,44500,27% off,5,4 Ratings & 0 Reviews,['1200 rpm Max Speed' '2 Years Warranty on Product and 10 Years on Motor']
BOSCH 6.5 kg 5 Star With Vario Inverter & Full Touch Panel Fully Automatic Top Load Silver,BOSCH,21790,26190,16% off,4.2,174 Ratings & 20 Reviews,['680 rpm Max Speed' '5 Star Rating' '2 Years Warranty on Product and 10 Years on Motor']
Whirlpool 6.5 kg Magic Clean 5 Star Semi Automatic Top Load Black Grey,Whirlpool,9490,13050,27% off,4.4,6622 Ratings & 619 Reviews,['1400 rpm Max Speed' '5 Star Rating' '2 Years Comprehensive Warranty and 5 Years Warranty on Wash Motor']
LG 10.5/7 kg Inverter Wi-Fi with with Allergy care Washer with Dryer with In-built Heater Black,LG,65990,79990,17% off,4.5,96 Ratings & 11 Reviews,['1400 rpm Max Speed' '2 Years Comprehensive Warranty and 10 Years Warranty on Motor from LG']
BOSCH 6 kg Drive Motor Anti Tangle Anti Vibration Fully Automatic Front Load White,BOSCH,27490,30299,9% off,4.4,2445 Ratings & 209 Reviews,['1000 rpm Max Speed' '2 Years Comprehensive Warranty on Product and 10 Years on Motor from Bosch']
SAMSUNG 7.2 kg with Double Storm Technology Semi Automatic Top Load White,SAMSUNG,10490,13100,19% off,4.4,19732 Ratings & 1800 Reviews,['1300 rpm Max Speed' '2 Years Comprehensive Warranty and 5 Years Warranty on Motor from Samsung']
ONIDA 7 kg Top load Washer only White Green,ONIDA,5890,6490,9% off,4.3,21178 Ratings & 2525 Reviews,['780 rpm Max Speed' '1 Year Comprehensive Warranty on Product 7 Years Warranty on Motor']
MarQ by Flipkart 6 kg Fully Automatic Top Load Grey,MarQ,11105,14999,25% off,4.2,7295 Ratings & 947 Reviews,['750 rpm Max Speed' '2 Years Comprehensive and 5 Years on Motor from MarQ by Flipkart']
BOSCH 8 kg Fully Automatic Front Load with In-built Heater White,BOSCH,38879,52900,26% off,4.3,37 Ratings & 3 Reviews,['1400 RPM Max Speed' '2 Years Comprehensive Warranty and 12 Years on Motor from Bosch']
Whirlpool 8.5 kg Semi Automatic Top Load Grey,Whirlpool,15490,16550,6% off,4.3,2655 Ratings & 246 Reviews,['1400 rpm Max Speed' '5 Star Rating' '2 Years Warranty on Product and 10 Years on Motor']
Whirlpool 9.5 kg 5 Star Hard Water wash Semi Automatic Top Load White Maroon,Whirlpool,15875,17700,10% off,4.4,3173 Ratings & 421 Reviews,['1400 rpm Max Speed' '5 Star Rating' '2 Years Comprehensive Warranty on Product and 10 Years on Wash Motor and Prime Mover from Whirlpool']
LG 8 kg 5 Star Rating Semi Automatic Top Load Red,LG,15890,17189,7% off,4.5,1296 Ratings & 125 Reviews,['1300 rpm Max Speed' '5 Star Rating' '2 Years Comprehensive Warranty and 5 Years Warranty on Motor from LG']
LG 10 kg with Jet Sprey Auto pre-wash Smart diagnosis Smart closing door and 10 water levels Fully ...,LG,32390,37990,14% off,4.5,233 Ratings & 25 Reviews,['700 rpm Max Speed' '5 Star Rating' '2 Years Comprehensive Warranty and 10 Years Warranty on Motor from LG']
Whirlpool 6.5 kg Fully Automatic Top Load Grey,Whirlpool,14990,17800,15% off,4.2,44 Ratings & 3 Reviews,['1450 RPM Max Speed' '5 Star Rating' 'Whirlpool White Magic Classic comes with a 2 year comprehensive warranty and 10 year warranty on motor and prime mover.']
Voltas Beko 8 kg Semi Automatic Top Load Red,Voltas,12800,18490,30% off,4.2,21 Ratings & 0 Reviews,['1450 RPM Max Speed' '5 Star Rating' '5 Years International Warranty']
ONIDA 8 kg 5 star and In-built Basket Semi Automatic Top Load Red White,ONIDA,9990,13670,26% off,4.2,5884 Ratings & 574 Reviews,['1450 rpm Max Speed' '5 Star Rating' '2 Years Comprehensive Warranty on Product and Additional 5 Years on Motor']
Whirlpool 7.5 kg Semi Automatic Top Load Grey,Whirlpool,12768,16650,23% off,4.4,58 Ratings & 3 Reviews,['1400 rpm Max Speed' '5 Star Rating' '2 Years Comprehensive Warranty and 10 Years on Wash Motor']
Haier 7 kg Fully Automatic Front Load with In-built Heater Silver,Haier,29000,47500,38% off,4.1,18 Ratings & 1 Reviews,['1200 RPM Max Speed' '5 Star Rating' '2 years on product 12 years on motor']
ONIDA 6.5 kg with Hydraulic Soft Close Glass Lid Fully Automatic Top Load Grey,ONIDA,13490,20990,35% off,4.4,421 Ratings & 58 Reviews,['700 rpm Max Speed' '2 Years Comprehensive Warranty on Product and 5 Years Warranty on Motor by Onida']
LG 10 kg White with Roller Jet Pulsator Soak and Smart Filter Semi Automatic Top Load Maroon White,LG,19180,20490,6% off,4.5,741 Ratings & 56 Reviews,['1300 rpm Max Speed' '5 Star Rating' '2 Years Comprehensive and 5 Years on Motor from LG']
Whirlpool 7 kg Fully Automatic Front Load with In-built Heater White,Whirlpool,27990,39200,28% off,4,262 Ratings & 30 Reviews,['1000 rpm Max Speed' '2 Years Comprehensive and 10 Years on Motor from Whirlpool']
SAMSUNG 7 kg WiFi Enabled Inverter 5 Star with Hygiene Steam & Ecobubble Technology Washing Machine Fu...,SAMSUNG,22490,28500,21% off,4.3,12023 Ratings & 1074 Reviews,['700 rpm Max Speed' '5 Star Rating' '2 years comprehensive warranty on the product 20 years warranty on the DIT Motor']
LG 8 kg Semi Automatic Top Load White Maroon,LG,14670,17690,17% off,4.5,1288 Ratings & 91 Reviews,['800 rpm Max Speed' '5 Star Rating' '2 Years Warranty on Complete Washing Machine and 5 Years on Motor from LG']
SAMSUNG 7 kg Fully Automatic Front Load with In-built Heater Black,SAMSUNG,34000,43700,22% off,4.5,12 Ratings & 0 Reviews,['1200 rpm Max Speed' '5 Star Rating' '2 years comprehensive warranty on the product 20 years warranty on the DIT Motor']
IFB 6 kg 5 Star 2X Power SteamHard Water Wash Fully Automatic Front Load with In-built Heater White,IFB,24670,28690,14% off,4.3,3060 Ratings & 259 Reviews,['800 rpm Max Speed' '5 Star Rating' '4 Years Comprehensive Warranty 10 Years Motor Warranty 10 Years Spares Support']
ONIDA 9 kg Washer only White Green,ONIDA,6290,7999,21% off,4.3,21178 Ratings & 2525 Reviews,['780 rpm Max Speed' '1 Year Comprehensive Warranty on Product 7 Years Warranty on Motor']
Whirlpool 7.5 kg Semi Automatic Top Load,Whirlpool,11990,14000,14% off,4.5,95 Ratings & 9 Reviews,['1400 rpm Max Speed' '1 Year Comprehensive Warranty and 2 Years Warranty on Motor']
Voltas Beko 9 kg Fully Automatic Top Load Grey,Voltas,21399,38590,44% off,4.3,29 Ratings & 1 Reviews,['700 rpm Max Speed' '5 Star Rating' '3 Years Comprehensive and Additional 9 Years On Motor from Voltas Beko']
Haier 8 kg Semi Automatic Top Load White Pink,Haier,12990,19700,34% off,4.3,1794 Ratings & 170 Reviews,['1300 rpm Max Speed' '3 Years Comprehensive Warranty on Product 10 Years Warranty on Wash Motor & 5 Years Warranty on Spin Motor from Haier']
Godrej 7.5 kg Fully Automatic Top Load with In-built Heater Grey,Godrej,17490,26900,34% off,4.1,124 Ratings & 11 Reviews,['670 rpm Max Speed' '5 Star Rating' '2 Years Warranty on Product and 10 Years on Motor']
MarQ by Flipkart 8 kg 5 Star Engineered with Panasonic Technology Fully Automatic Top Load Grey,MarQ,14790,20499,27% off,4.3,4090 Ratings & 482 Reviews,['700 rpm Max Speed' '5 Star Rating' '2 Years Comprehensive and 5 Years on Motor from MarQ by Flipkart']
Thomson 10.5/8 kg Washer with Dryer with In-built Heater White,Thomson,37990,51999,26% off,3.8,4 Ratings & 1 Reviews,['1200 rpm Max Speed' '2 Years Warranty on Product and 5 Years on Motor']
SAMSUNG 6.5 kg Fully Automatic Front Load Silver,SAMSUNG,31500,38400,17% off,4.3,29 Ratings & 2 Reviews,['1200 rpm Max Speed' '5 Star Rating' '2 years comprehensive warranty on the product 20 years warranty on the DIT Motor']
Lloyd 7 kg Fully Automatic Front Load with In-built Heater White,Lloyd,24690,36990,33% off,3.9,88 Ratings & 14 Reviews,['1200 rpm Max Speed' '2 Years Comprehensive on Washing Machine and 10 Years on Motor from Lloyd']
ONIDA 7 kg 5 Star With Hexa Crystal Drum Technology Fully Automatic Top Load Black Grey,ONIDA,15290,23490,34% off,4.5,251 Ratings & 50 Reviews,['700 rpm Max Speed' '5 Star Rating' '2 Years Comprehensive Warranty and 5 Years Warranty on Wash Motor from Onida']
White Westinghouse (Trademark by Electrolux) 7.5 kg Semi Automatic Top Load White Maroon,White,8499,12499,32% off,4.1,1249 Ratings & 114 Reviews,['1400 rpm Max Speed' '2 Years Warranty on Product and 2 Years Additional on Motor from White Westinghouse']
LG 9 kg with Jet Sprey Auto Pre Wash Smart Diagnosis Smart Closing Door and 10 Water Levels Fully A...,LG,32687,45000,27% off,4.7,16 Ratings & 2 Reviews,['779 RPM Max Speed' '5 Star Rating' '1 y Manufacturer Warranty']
LG 6 kg with Roller Jet Pulsator Semi Automatic Top Load Grey,LG,10990,13190,16% off,4.2,329 Ratings & 21 Reviews,['1300 rpm Max Speed' '5 Star Rating' '2 Years Comprehensive on Product from LG']
Panasonic 7 kg Semi Automatic Top Load Blue,Panasonic,11590,13900,16% off,4.6,16 Ratings & 0 Reviews,['1349 RPM Max Speed' '5 Star Rating' '2 Years Warranty on Product and 5 Years on Motor']
Candes 9 kg Semi Automatic Top Load Blue White,Candes,10479,15500,32% off,4.3,833 Ratings & 154 Reviews,['1500 RPM Max Speed' '5 Star Rating' '2 Years Comprehensive and 5 Years on Motor from Candes']
SAMSUNG 7 kg AI Control Wifi Enabled 5 Star Rating Fully Automatic Front Load Grey,SAMSUNG,37812,50000,24% off,4.7,41 Ratings & 4 Reviews,['1200 rpm Max Speed' '5 Star Rating' '3 Years on Product and 10 Years on Motor from Samsung']
IFB 6 kg Fully Automatic Front Load with In-built Heater White,IFB,23990,26990,11% off,4.3,6 Ratings & 0 Reviews,['800 RPM Max Speed' '5 Star Rating' '4 Years Comprehensive Warranty and 10 Years Spare Part Support from IFB']
SAMSUNG 11.5 Kg Semi Automatic Top Load Grey Red,SAMSUNG,17850,19600,8% off,4.3,40 Ratings & 6 Reviews,['1300 rpm Max Speed' '5 Star Rating' '2 Years Warranty on Product and 5 Years Warranty on Motor By Samsung']
SAMSUNG 10 kg 5 Star With Wobble Technology and Digital Inverter Fully Automatic Top Load Grey,SAMSUNG,30990,34000,8% off,4.3,96 Ratings & 14 Reviews,['700 rpm Max Speed' '5 Star Rating' '2 years comprehensive warranty on the product 20 years warranty on the DIT Motor']
BOSCH 7 kg Fully Automatic Front Load Black Silver,BOSCH,32200,40899,21% off,4.4,17 Ratings & 3 Reviews,['1200 rpm Max Speed' '2 Years Comprehensive Warranty on Product and 10 Years on Motor from Bosch']
SAMSUNG 6.5 kg Fully Automatic Top Load Grey,SAMSUNG,16790,24400,31% off,4.3,100 Ratings & 13 Reviews,['700 rpm Max Speed' '5 Star Rating' '2 years comprehensive warranty on the product 20 years warranty on the DIT Motor']
Lloyd 7 kg Semi Automatic Top Load White Grey,Lloyd,10999,14090,21% off,4.4,20 Ratings & 0 Reviews,['600 rpm Max Speed' '2 Years Comprehensive Warranty and 5 Years on Motor from Lloyd']
Lloyd 11 kg Semi Automatic Top Load Grey,Lloyd,15550,23155,32% off,4.2,6 Ratings & 1 Reviews,['1300 RPM Max Speed' '5 Star Rating' '2 years on product 5 years on motor']
Panasonic 8 kg 5 Star AquaBeat Wash Fully Automatic Top Load Grey,Panasonic,20990,24500,14% off,4.3,9162 Ratings & 1238 Reviews,['680 rpm Max Speed' '5 Star Rating' '2 Years Comprehensive and 10  Years on Motor from Panasonic']
Godrej 6.5 kg Semi Automatic Top Load Red White,Godrej,9290,11200,17% off,4.3,477 Ratings & 41 Reviews,['1440 rpm Max Speed' '2 Years Comprehensive Warranty on Product and 5 Years on Wash Motor']
MarQ by Flipkart 7.5 kg Fully Automatic Front Load with In-built Heater White,MarQ,22990,33999,32% off,4.3,10867 Ratings & 1917 Reviews,['1200 rpm Max Speed' '1 Year Comprehensive Warranty and 3 Years Warranty on Motor from MarQ']
Whirlpool 10.5 kg Semi Automatic Top Load Grey,Whirlpool,16790,21999,23% off,4.2,19 Ratings & 1 Reviews,['1400 RPM Max Speed' '5 Star Rating' 'Technician Visit']
LG 7 kg Fully Automatic Front Load Silver,LG,34990,45990,23% off,4.5,53 Ratings & 5 Reviews,['1200 RPM Max Speed' '5 Star Rating' '2 Years Warranty on Product and 10 Years on Motor']
LG 9 kg Fully Automatic Front Load Silver,LG,40980,53990,24% off,4.5,40 Ratings & 3 Reviews,['1400 RPM Max Speed' '5 Star Rating' '2 y Manufacturer Warranty']
Whirlpool 9 kg Semi Automatic Top Load White Maroon,Whirlpool,15290,19999,23% off,4.2,115 Ratings & 10 Reviews,['1400 rpm Max Speed' '5 Star Rating' '2 Years Comprehensive Warranty on Product and 10 Years on Wash Motor and Prime Mover from Whirlpool']
Whirlpool 7 kg 5 Star Hard Water wash Fully Automatic Top Load Grey,Whirlpool,17290,20200,14% off,4.3,14228 Ratings & 1389 Reviews,['740 rpm Max Speed' '5 Star Rating' '2 Years Comprehensive Warranty and 10 Years Warranty on Motor and Prime Mover from Whirlpool']
SAMSUNG 8 kg Fully Automatic Front Load with In-built Heater Black,SAMSUNG,38990,52000,25% off,4.2,27 Ratings & 3 Reviews,['1400 rpm Max Speed' '5 Star Rating' '2 years comprehensive warranty on the product 20 years warranty on the DIT Motor']
LG 8 kg Smart inverter Fully Automatic Top Load Silver,LG,24990,29990,16% off,4.4,336 Ratings & 21 Reviews,['700 rpm Max Speed' '5 Star Rating' '2 Years Comprehensive Warranty on Product and 10 Years on Motor']
IFB 7 kg 5 Star 2X Power SteamHard Water Wash Fully Automatic Front Load with In-built Heater White,IFB,29990,35490,15% off,4.2,361 Ratings & 31 Reviews,['1000 rpm Max Speed' '5 Star Rating' '4 Years Comprehensive Warranty 10 Years Motor Warranty 10 Years Spares Support']
Whirlpool 6.5 kg Magic Clean 5 Star Fully Automatic Top Load with In-built Heater Grey,Whirlpool,18240,23650,22% off,4.4,29 Ratings & 4 Reviews,['740 rpm Max Speed' '5 Star Rating' '2 Years Comprehensive Warranty on Product and 5 Years on Prime Mover and Motor']
Whirlpool 10.5 kg With In-Built Heater Semi Automatic Top Load with In-built Heater Grey,Whirlpool,17899,21800,17% off,4.3,209 Ratings & 16 Reviews,['1400 rpm Max Speed' '5 Star Rating' '2 Years Comprehensive Warranty on Product and 10 Years on Wash Motor and Prime Mover from Whirlpool']
Whirlpool 7 kg Fully Automatic Top Load with In-built Heater Grey,Whirlpool,20249,24500,17% off,3.9,31 Ratings & 2 Reviews,['740 rpm Max Speed' '5 Star Rating' '2 Years Comprehensive Warranty on Product and 10 Years on Prime Mover and Motor']
MarQ by Flipkart 6 kg Garment Sterilization Fully Automatic Front Load with In-built Heater Silver,MarQ,19990,24499,18% off,4.3,5212 Ratings & 736 Reviews,['1200 RPM Max Speed' '5 Star Rating' '1 Year Comprehensive Warranty and 3 Years Warranty on Motor from MarQ by Flipkart']
MarQ by Flipkart 9 kg 5 Star Semi Automatic Top Load White Grey,MarQ,10690,14950,28% off,4.3,11246 Ratings & 1414 Reviews,['1400 rpm Max Speed' '5 Star Rating' '2 Years Comprehensive and 5 Years on Wash Motor from MarQ by Flipkart']
BOSCH 8 kg Fully Automatic Front Load with In-built Heater Grey,BOSCH,39099,50084,21% off,4.5,16 Ratings & 1 Reviews,['1200 RPM Max Speed' '5 Star Rating' '2 Years on Product and 12 Years on Motor from Bosch']
Whirlpool 7.5 kg Semi Automatic Top Load Red,Whirlpool,12700,15200,16% off,4.3,16 Ratings & 1 Reviews,['1450 RPM Max Speed' '5 Star Rating' '2 Years Comprehensive Warranty and 5 Years Warranty on Wash Motor and Prime Mover from Whirlpool']
BOSCH 8 kg Fully Automatic Front Load Silver,BOSCH,40379,49000,17% off,4.5,16 Ratings & 1 Reviews,['1200 RPM Max Speed' '5 Star Rating' '2 year on product']
Sansui 6.5 kg Pro Clean Fully Automatic Top Load Grey,Sansui,13490,17499,22% off,4.2,3513 Ratings & 449 Reviews,['700 rpm Max Speed' '2 Years Comprehensive Warranty and 5 Years Warranty on Motor']
ONIDA 7.5 kg 5 star Semi Automatic Top Load Blue White,ONIDA,9790,11950,18% off,4.2,5884 Ratings & 574 Reviews,['1350 rpm Max Speed' '5 Star Rating' '2 Years Comprehensive Warranty on Product 7 Years Warranty on Motor']
Panasonic 6.7 kg Fully Automatic Top Load with In-built Heater Grey,Panasonic,17590,24500,28% off,4.2,89 Ratings & 14 Reviews,['702 rpm Max Speed' '2 Years Comprehensive Warranty on Product and 12 Years on Motor']
White Westinghouse (Trademark by Electrolux) 8 kg Semi Automatic Top Load White Grey,White,9499,10999,13% off,4.1,1249 Ratings & 114 Reviews,['1400 rpm Max Speed' '5 Star Rating' '2 Years Warranty on Product and 4 Years on Motor']
IFB 6.5 kg 5 Star 2X Power SteamHard Water Wash Fully Automatic Front Load with In-built Heater White,IFB,30790,35290,12% off,4.9,8 Ratings & 1 Reviews,['1000 RPM Max Speed' '5 Star Rating' '4 Years Comprehensive Warranty 10 Years Motor Warranty 10 Years Spares Support']
Whirlpool 9 kg Semi Automatic Top Load White Maroon,Whirlpool,14899,17100,12% off,4.2,115 Ratings & 10 Reviews,['1400 rpm Max Speed' '5 Star Rating' '2 Years Comprehensive Warranty on Product and 10 Years on Wash Motor and Prime Mover from Whirlpool']
Godrej 7 kg Fully Automatic Front Load with In-built Heater White,Godrej,30180,39700,23% off,4,42 Ratings & 7 Reviews,['1000 rpm Max Speed' '2 Years comprehensive Warranty and 10 Years Warranty on Motor from Godrej']
MarQ by Flipkart 7.5 kg Fully Automatic Top Load Grey,MarQ,13990,18999,26% off,4,574 Ratings & 70 Reviews,['750 rpm Max Speed' '5 Star Rating' '2 Years Comprehensive and 5 Years on Motor from MarQ by Flipkart']
Whirlpool 8 kg 5 Star Supersoak Technology Semi Automatic Top Load Purple,Whirlpool,12770,14400,11% off,4.4,5294 Ratings & 642 Reviews,['1400 rpm Max Speed' '2 Years Comprehensive Warranty and 5 Years Warranty on Wash Motor Spin motor and Prime Mover from Whirlpool']
IFB 6 kg 5 Star 2X Power SteamHard Water Wash Fully Automatic Front Load with In-built Heater White,IFB,23990,27890,13% off,4.2,68 Ratings & 6 Reviews,['800 rpm Max Speed' '5 Star Rating' '4 Years Comprehensive Warranty 10 Years Motor Warranty 10 Years Spares Support']
LG 8 kg 5 star Semi Automatic Top Load Purple White,LG,15090,16490,8% off,4.5,6031 Ratings & 666 Reviews,['1300 rpm Max Speed' '5 Star Rating' '2 Years Comprehensive and 5 Years on Motor From LG']
Lloyd 9 kg Semi Automatic Top Load Grey Orange,Lloyd,15389,19990,23% off,3.4,5 Ratings & 1 Reviews,['1300 RPM Max Speed' '5 Star Rating' '2 years on product 5 years on motor']
Godrej 8 kg Semi Automatic Top Load Grey,Godrej,16639,20050,17% off,4,32 Ratings & 1 Reviews,['1440 RPM Max Speed' '5 Star Rating' '2 Years Comprehensive Warranty and 5 Years Warranty on Motor from Godrej']
Lloyd 9 kg Semi Automatic Top Load White Grey,Lloyd,14899,20490,27% off,4.3,48 Ratings & 5 Reviews,['600 rpm Max Speed' '5 Star Rating' '2 Years Comprehensive Warranty and 5 Years on Motor from Lloyd']
White Westinghouse (Trademark by Electrolux) 7 kg Semi Automatic Top Load White Maroon,White,7999,8999,11% off,4.1,1249 Ratings & 114 Reviews,['1400 rpm Max Speed' '5 Star Rating' '2 Years Warranty on Product and 4 Years on Motor']
BOSCH 6 kg Fully Automatic Front Load with In-built Heater White,BOSCH,23499,27650,15% off,4.4,15039 Ratings & 1512 Reviews,['800 rpm Max Speed' '2 Year Comprehensive Warranty and 10 Years Warranty on Motor from Bosch']
LG 6 kg With Steam Fully Automatic Front Load with In-built Heater White,LG,29990,36990,18% off,4.5,556 Ratings & 60 Reviews,['1000 rpm Max Speed' '5 Star Rating' '2 Years on Product and 10 Years on Motor from LG']
LG 7.5 kg Semi Automatic Top Load Blue White,LG,13290,15290,13% off,4.5,264 Ratings & 19 Reviews,['1350 rpm Max Speed' '5 Star Rating' '2 Years Comprehensive and 5 Years on Motor From LG']
SAMSUNG 7 kg Semi Automatic Top Load White Grey Purple,SAMSUNG,11900,13300,10% off,4.4,164 Ratings & 16 Reviews,['1300 rpm Max Speed' '5 Star Rating' '2 Years on Product and 5 Years Warranty on Motor']
SAMSUNG 6.5 kg Fully Automatic Top Load Grey,SAMSUNG,18419,25600,28% off,4.2,64 Ratings & 4 Reviews,['700 rpm Max Speed' '5 Star Rating' '2 years comprehensive warranty on the product 20 years warranty on the DIT Motor']
Whirlpool 6.5 kg Fully Automatic Top Load with In-built Heater Grey,Whirlpool,21300,25450,16% off,4.4,9 Ratings & 0 Reviews,['740 RPM Max Speed' '5 Star Rating' '2 Years Comprehensive Warranty and 10 Years Warranty on Motor Wash Plate from Whirlpool']
Whirlpool 7 kg Fully Automatic Top Load Grey,Whirlpool,17950,22500,20% off,4.2,1268 Ratings & 116 Reviews,['740 rpm Max Speed' '2 Years Comprehensive Warranty and 5 Years Warranty on Motor from Whirlpool']
SAMSUNG 11 kg Fully Automatic Top Load Grey,SAMSUNG,35248,39200,10% off,4.4,51 Ratings & 3 Reviews,['700 rpm Max Speed' '5 Star Rating' '2 years comprehensive warranty on the product 20 years warranty on the DIT Motor']
BOSCH 8 kg INVERTER TOUCH CONTROL Fully Automatic Front Load with In-built Heater White,BOSCH,35290,41199,14% off,4.4,15039 Ratings & 1512 Reviews,['1200 rpm Max Speed' '5 Star Rating' '2 Years on Product and 12 Years on Motor from Bosch']
Lloyd 7 kg Fully Automatic Top Load Grey,Lloyd,18950,22590,16% off,4.2,344 Ratings & 31 Reviews,['680 rpm Max Speed' '5 Star Rating' '2 Years Comprehensive on Washing Machine and 10 Years on Motor from Lloyd']
Whirlpool 6.5 kg Fully Automatic Top Load with In-built Heater Maroon,Whirlpool,19380,24650,21% off,4.3,2732 Ratings & 255 Reviews,['740 rpm Max Speed' '5 Star Rating' '2 Years Warranty on Product and 10 Years on Motor']
White Westinghouse (Trademark by Electrolux) 9 kg Semi Automatic Top Load White Grey,White,10449,11999,12% off,3.8,68 Ratings & 7 Reviews,['1400 rpm Max Speed' '5 Star Rating' '2 Years Warranty on Product and 4 Years on Motor']
Godrej 7 kg Fully Automatic Top Load with In-built Heater Red,Godrej,23990,26250,8% off,4.3,158 Ratings & 18 Reviews,['700 rpm Max Speed' '2 Years Comprehensive Warranty and 10 Years Warranty on Motor from Godrej']
LG 8 kg Fully Automatic Front Load Black,LG,40599,58990,31% off,4.3,42 Ratings & 4 Reviews,['1400 rpm Max Speed' '5 Star Rating' '2 Years Comprehensive Warranty and 10 Years on Motor From LG']
IFB 7 kg In-Built Anticrease Auto Tub Clean Delay Start Fully Automatic Front Load with In-built Hea...,IFB,29990,34590,13% off,4.3,140 Ratings & 15 Reviews,['1000 rpm Max Speed' '5 Star Rating' '4 Years Complete Machine Warranty 10 Years Motor Warranty and 10 Years Spare Part Support from IFB']
Galanz 10 kg Quick Wash Inverter Fully Automatic Front Load with In-built Heater Silver,Galanz,30490,50990,40% off,4,1902 Ratings & 281 Reviews,['1400 rpm Max Speed' '2 years comprehensive warranty on product and 8 years on motor']
Whirlpool 8 kg Fully Automatic Front Load White,Whirlpool,30990,46480,33% off,4.1,137 Ratings & 9 Reviews,['1200 rpm Max Speed' '2 Years Comprehensive Warranty and 5 Years Warranty on Motor from Whirlpool']
IFB 6.5 kg 5 Star 2X Power SteamHard Water Wash Fully Automatic Front Load with In-built Heater Silve...,IFB,31990,36790,13% off,4.4,2996 Ratings & 266 Reviews,['1000 RPM Max Speed' '5 Star Rating' '4 Years Comprehensive Warranty 10 Years Motor Warranty 10 Years Spares Support']
MarQ by Flipkart 8 kg 5 Star Rating Semi Automatic Top Load White Maroon,MarQ,8790,11450,23% off,4.2,807 Ratings & 117 Reviews,['1400 rpm Max Speed' '5 Star Rating' '2 Years Comprehensive and 5 Years on Wash Motor from MarQ by Flipkart']
SAMSUNG 9 kg Fully Automatic Front Load Black,SAMSUNG,41000,54500,24% off,4.4,23161 Ratings & 2321 Reviews,['1400 rpm Max Speed' '5 Star Rating' '2 years comprehensive warranty on the product 20 years warranty on the DIT Motor']
TCL 8 kg Fully Automatic Front Load with In-built Heater White,TCL,24990,36990,32% off,3.8,20 Ratings & 2 Reviews,['1200 rpm Max Speed' '1 Year Comprehensive Warranty on Product and 5 Years on Motor']
MarQ by Flipkart 6.5 kg 5 Star Rating Innowash+ Fully Automatic Top Load Grey,MarQ,13690,15999,14% off,4.2,11568 Ratings & 1596 Reviews,['700 rpm Max Speed' '5 Star Rating' '2 Years Comprehensive Warranty on Product and 5 Years on Motor']
LG 7 kg Fully Automatic Top Load Black,LG,25190,29890,15% off,4.5,54 Ratings & 11 Reviews,['780 rpm Max Speed' '2 Years Comprehensive Warranty and 10 Years Warranty on Motor From LG']
Whirlpool 8 kg 5 Star Power Dry Technology Semi Automatic Top Load Purple,Whirlpool,13190,15990,17% off,4.3,2628 Ratings & 262 Reviews,['1450 rpm Max Speed' '5 Star Rating' '2 Years Comprehensive Warranty and 5 Years Warranty on Wash Motor Spin motor and Prime Mover from Whirlpool']
Samsung AirDresser with JetSteam | Sanitize and refresh clothes | Crystal Mirror Black,Samsung,109090,127000,14% off,3,4 Ratings & 0 Reviews,['0 RPM Max Speed' '1 Year on Product from Samsung']
SAMSUNG 7 kg Fully Automatic Top Load Silver,SAMSUNG,23000,27200,15% off,4,64 Ratings & 9 Reviews,['700 rpm Max Speed' '5 Star Rating' '2 years comprehensive warranty on the product 20 years warranty on the DIT Motor']
Lloyd 12 kg Semi Automatic Top Load Grey,Lloyd,16948,25190,32% off,4.3,9 Ratings & 0 Reviews,['1300 RPM Max Speed' '5 Star Rating' '2 years on product 5 years on motor']
Whirlpool 7.5 kg Semi Automatic Top Load Maroon,Whirlpool,12800,14700,12% off,4,74 Ratings & 5 Reviews,['1450 RPM Max Speed' '5 Star Rating' '(2 + 3) Years Warranty. 2 Years Comprehensive Warranty and 3 Years Extended Warranty on Wash Motor and Prime Mover.']
Whirlpool 6.5 kg Magic Clean 5 Star Fully Automatic Top Load Grey,Whirlpool,17990,20650,12% off,4,26 Ratings & 5 Reviews,['740 rpm Max Speed' '5 Star Rating' '2 Years Comprehensive Warranty on Product and 5 Years on Prime Mover and Motor']
IFB 7.5 kg 5 Star 3D Wash Technology Gentle Wash In-built heater Fully Automatic Front Load with In-...,IFB,33959,36990,8% off,4.4,400 Ratings & 51 Reviews,['1200 rpm Max Speed' '5 Star Rating' '4 Years Comprehensive Warranty and 10 Years Spare Part Support from IFB']
Voltas Beko 6.2 kg Fully Automatic Top Load Grey,Voltas,15689,22390,29% off,4.2,115 Ratings & 13 Reviews,['700 rpm Max Speed' '3 Years Warranty on Product and 12 Years on Motor']
realme TechLife 8 kg Garment Sterilization Fully Automatic Front Load with In-built Heater White,realme,24880,37490,33% off,4.4,303 Ratings & 45 Reviews,['1400 rpm Max Speed' '1 Year Comprehensive Warranty and 3 Years Warranty on Motor from realme TechLife']
IFB 6 kg Fully Automatic Front Load with In-built Heater Silver,IFB,24950,29990,16% off,4.4,1240 Ratings & 173 Reviews,['1000 rpm Max Speed' '4 Years Comprehensive Warranty and 10 Years Spare Part Support from IFB']
Thomson 7.5 kg Six Action Pulsator Fully Automatic Top Load Grey,Thomson,13990,21999,36% off,4,574 Ratings & 80 Reviews,['720 rpm Max Speed' '2 Years Warranty on Product and 5 Years on Motor']
LG 6.5 kg With Steam Fully Automatic Front Load with In-built Heater White,LG,29799,35990,17% off,4.5,2626 Ratings & 304 Reviews,['1200 rpm Max Speed' '5 Star Rating' '2 Years on Product and 10 Years on Motor from LG']
Daenyx 7.5 kg Washer only White Maroon,Daenyx,5299,5990,11% off,4,393 Ratings & 38 Reviews,['1300 rpm Max Speed' '1 Years Warranty from Daenyx']
BOSCH 7 kg Fully Automatic Front Load with In-built Heater White,BOSCH,35179,40996,14% off,4.4,10 Ratings & 3 Reviews,['1200 RPM Max Speed' '2 Years Comprehensive Warranty and 12 Years motor']
TCL 7 kg Fully Automatic Front Load with In-built Heater White,TCL,23990,32990,27% off,4,23 Ratings & 4 Reviews,['1200 rpm Max Speed' '1 Year Comprehensive Warranty on Product and 5 Years on Motor']
SAMSUNG 7.5 kg Semi Automatic Top Load Grey Red,SAMSUNG,12490,15600,19% off,4.1,7 Ratings & 0 Reviews,['740 rpm Max Speed' '5 Star Rating' '3 Years Warranty on Product and 10 Years Warranty on Digital Inverter Motor']
LG 9 kg Fully Automatic Front Load with In-built Heater White,LG,38990,52990,26% off,3.7,7 Ratings & 0 Reviews,['1400 rpm Max Speed' '5 Star Rating' '2 Years on Product and 10 Years on Motor from LG']
SAMSUNG 6.5 kg Fully Automatic Front Load with In-built Heater Grey,SAMSUNG,35000,39500,11% off,3.9,15 Ratings & 1 Reviews,['1200 rpm Max Speed' '5 Star Rating' '2 years comprehensive warranty on the product 20 years warranty on the DIT Motor']
Godrej 7 kg Fully Automatic Top Load Grey,Godrej,17990,19500,7% off,4.2,1263 Ratings & 117 Reviews,['665 rpm Max Speed' '5 Star Rating' '2 Years on Product and 10 Years on Motor from Godrej']
Voltas Beko 7 kg Fully Automatic Top Load Grey,Voltas,17499,28990,39% off,4.6,26 Ratings & 2 Reviews,['700 rpm Max Speed' '5 Star Rating' '3 Years Comprehensive and Additional 9 Years On Motor from Voltas Beko']
Whirlpool 6.5 kg 5 Star Fully Automatic Top Load with In-built Heater Grey,Whirlpool,21990,22900,3% off,4.3,1417 Ratings & 149 Reviews,['740 rpm Max Speed' '5 Star Rating' '2 Years Warranty on Product and 10 Years on Motor']
LG 7 kg Semi Automatic Top Load Maroon White,LG,13998,14490,3% off,4.4,19062 Ratings & 1643 Reviews,['1300 rpm Max Speed' '2 Years Comprehensive and 5 Years on Motor From LG']
LG 6.5 kg Fully Automatic Top Load Silver,LG,17490,21990,20% off,4.3,84 Ratings & 4 Reviews,['700 rpm Max Speed' '5 Star Rating' '2 Years Comprehensive Warranty and 10 Years Warranty on Motor from LG']
Panasonic 8 kg Semi Automatic Top Load Red White,Panasonic,14895,21000,29% off,4,3 Ratings & 0 Reviews,['1350 rpm Max Speed' '2 Years on Product and 5 Years on Motor from Panasonic']
Candes 6.5 kg Semi Automatic Top Load Red White,Candes,7790,10990,29% off,4.3,833 Ratings & 154 Reviews,['1500 RPM Max Speed' '5 Star Rating' '2 Years Comprehensive and 5 Years on Motor from Candes']
LG 6.5 kg Fully Automatic Front Load with In-built Heater White,LG,32299,38157,15% off,4.2,54 Ratings & 5 Reviews,['1000 rpm Max Speed' '5 Star Rating' '2 Years on Product and 10 Years on Motor from LG']
realme TechLife 8 kg 5 Star Smart Wi-Fi Enabled Inverter Technology Garment Sterilization Fully Automa...,realme,25990,48490,46% off,4.2,129 Ratings & 15 Reviews,['1200 rpm Max Speed' '5 Star Rating' '2 Years Comprehensive Warranty and 10 Years Warranty on Motor from realme TechLife']
BOSCH 6 kg Fully Automatic Front Load with In-built Heater White,BOSCH,30769,37076,17% off,3.9,7 Ratings & 1 Reviews,['1000 RPM Max Speed' '5 Star Rating' '2 Years']
SAMSUNG 6.5 kg Fully Automatic Top Load Maroon,SAMSUNG,22200,24000,7% off,4.3,320 Ratings & 42 Reviews,['680 rpm Max Speed' '3 Years Comprehensive Warranty and 10 Years Warranty on Motor from Samsung']
Godrej 8 kg Semi Automatic Top Load White Pink,Godrej,12690,17070,25% off,4.6,158 Ratings & 12 Reviews,['1400 rpm Max Speed' '5 Star Rating' '2 Years Comprehensive Warranty on Product and 5 Years on Motor']
Whirlpool 7.5 kg 5 Star InverterWith Hard water wash Fully Automatic Top Load Grey,Whirlpool,24990,29990,16% off,4,63 Ratings & 9 Reviews,['740 rpm Max Speed' '5 Star Rating' '3 Years Comprehensive Warranty on Product and 12 Years Warranty on Motor and Prime Mover']
Godrej 7 kg Fully Automatic Top Load with In-built Heater Grey,Godrej,18490,27840,33% off,4.2,188 Ratings & 12 Reviews,['665 rpm Max Speed' '5 Star Rating' '2 Years on Product and 10 Years on Motor From Godrej']
SAMSUNG 6.5 kg Fully Automatic Top Load Silver,SAMSUNG,16490,17215,4% off,4.5,233 Ratings & 20 Reviews,['680 rpm Max Speed' '2 Years on Product and 2 Years on Motor']
Whirlpool 8.5 kg Semi Automatic Top Load Silver,Whirlpool,15190,18990,20% off,4.4,41 Ratings & 3 Reviews,['1450 RPM Max Speed' '5 Star Rating' '2 Years Comprehensive Warranty and 5 Years Warranty on Motor and Prime Mover From Whirlpool']
SAMSUNG 6 kg Fully Automatic Front Load with In-built Heater White,SAMSUNG,29750,32600,8% off,5,3 Ratings & 0 Reviews,['1000 rpm Max Speed' '5 Star Rating' '2 years comprehensive warranty on the product 20 years warranty on the DIT Motor']
LG 7.5 kg Semi Automatic Top Load White Grey,LG,14249,17090,16% off,4.5,117 Ratings & 9 Reviews,['700 rpm Max Speed' '5 Star Rating' '2 Years Comprehensive Warranty and 5 Years Warranty on Motor from LG']
ONIDA 6.8 kg Fully Automatic Top Load Red,ONIDA,16990,18990,10% off,4.2,305 Ratings & 86 Reviews,['780 rpm Max Speed' '2 Years Comprehensive Warranty from Onida']
MarQ by Flipkart 7.5 kg 5 Star Rating Semi Automatic Top Load White Maroon,MarQ,9690,11450,15% off,4.3,7590 Ratings & 913 Reviews,['1400 RPM Max Speed' '5 Star Rating' '2 Years Comprehensive and 5 Years on Wash Motor from MarQ by Flipkart']
LG 6.5 kg Fully Automatic Front Load with In-built Heater Silver,LG,32990,43990,25% off,3.9,35 Ratings & 2 Reviews,['1200 RPM Max Speed' '5 Star Rating' '2 Years on Product and 10 Years on Motor from LG']
SAMSUNG 8 kg Fully Automatic Front Load Black,SAMSUNG,34500,48000,28% off,4.4,23161 Ratings & 2321 Reviews,['1400 rpm Max Speed' '5 Star Rating' '2 years comprehensive warranty on the product 20 years warranty on the DIT Motor']
MOTOROLA 7 kg 5 Star Rating Garment Sterilization Fully Automatic Front Load with In-built Heater Whit...,MOTOROLA,24990,33990,26% off,4.2,629 Ratings & 92 Reviews,['1400 rpm Max Speed' '5 Star Rating' '1 Year Comprehensive Warranty and 3 Years Warranty on Motor from Motorola']
Lloyd 7 kg Semi Automatic Top Load White Blue,Lloyd,10930,14200,23% off,4.4,26 Ratings & 2 Reviews,['600 rpm Max Speed' '2 Years Comprehensive Warranty and 5 Years on Motor from Lloyd']
Lifelong 7.5 kg Semi Automatic Top Load Maroon White,Lifelong,7850,11490,31% off,3.8,237 Ratings & 29 Reviews,['1300 rpm Max Speed' '5 Star Rating' '2 Years Comprehensive and 5 Years Motor by Lifelong']
LG 6.5 kg 5 Star Rating Jet Spray Fully Automatic Top Load Silver,LG,21990,25490,13% off,4.4,87 Ratings & 6 Reviews,['700 rpm Max Speed' '5 Star Rating' '2 Years Warranty on Product and 10 Years on Motor']
Voltas Beko 8 kg Semi Automatic Top Load White Maroon,Voltas,13299,15490,14% off,4.4,25 Ratings & 5 Reviews,['1300 rpm Max Speed' '5 Star Rating' '2 Years Comprehensive and Additional 3 Years On Wash and Spin Motor from Voltas Beko']
LG 8 kg with Auto Pre Wash Smart Diagnosis Smart Closing Door and 10 Water Levels Fully Automatic To...,LG,28490,34990,18% off,4.5,2379 Ratings & 205 Reviews,['700 rpm Max Speed' '5 Star Rating' '2 Years Comprehensive and 10 Years on Motor from LG']
ONIDA 9.5 kg Semi Automatic Top Load Black,ONIDA,14299,17490,18% off,5,2 Ratings & 1 Reviews,['1350 rpm Max Speed' '2 Year warranty on product & 5 Year on Motor from Onida']
Haier 8.5 kg Semi Automatic Top Load White,Haier,15990,19500,18% off,4.6,27 Ratings & 3 Reviews,['1300 RPM Max Speed' '3 Star Rating' 'comprehensive- 24 months']
IFB 6.5 kg 5 Star 3D Wash Technology Gentle Wash In-built heater Fully Automatic Front Load with In-...,IFB,27990,32990,15% off,4.4,7877 Ratings & 1081 Reviews,['1000 rpm Max Speed' '5 Star Rating' '4 Years Complete Machine warranty 10 Years Motor Warranty and 10 Years Spare Part Support from IFB']
Haier 8.5 kg Semi Automatic Top Load Red White,Haier,15590,19100,18% off,4.6,27 Ratings & 3 Reviews,['1300 RPM Max Speed' '5 Star Rating' '2 years on the product 5 years on the motor']
LG 9 kg Fully Automatic Front Load with In-built Heater Black,LG,46998,56990,17% off,4.4,45 Ratings & 5 Reviews,['1400 RPM Max Speed' '5 Star Rating' '1 Years Comprehensive and 10 Years on Motor From LG']
Haier 7 kg Semi Automatic Top Load Multicolor,Haier,11990,13000,7% off,4.5,70 Ratings & 5 Reviews,['740 rpm Max Speed' '1 Year Standard Brand Warranty on Product']
Panasonic 6.5 kg Fully Automatic Top Load Grey,Panasonic,14990,16800,10% off,4.3,1425 Ratings & 161 Reviews,['700 rpm Max Speed' '5 Star Rating' '2 Years Comprehensive Warranty on Product and 10 Years on Motor']
Godrej 7 kg Fully Automatic Top Load with In-built Heater Grey,Godrej,17990,26400,31% off,4,55 Ratings & 4 Reviews,['670 rpm Max Speed' '5 Star Rating' '2 Years Warranty on Product and 10 Years on Motor']
LG 9 kg 5 Star Fully Automatic Front Load with In-built Heater Silver,LG,41419,51689,19% off,4.5,2626 Ratings & 304 Reviews,['1400 rpm Max Speed' '5 Star Rating' '2 Years Comprehensive and 10 Years on Motor from LG']
Haier 7 kg Fully Automatic Top Load Grey,Haier,19990,25000,20% off,4,4 Ratings & 2 Reviews,['800 RPM Max Speed' '2 Years Comprehensive Warranty on Product and 10 Years Warranty on Motor from Haier']
Midea 8 kg 5 Star Fully Automatic Top Load Grey,Midea,16990,24990,32% off,4.2,1421 Ratings & 183 Reviews,['680 rpm Max Speed' '5 Star Rating' '2 Years Warranty on Product']
Whirlpool 7.5 kg Semi Automatic Top Load Blue,Whirlpool,13358,15500,13% off,4,74 Ratings & 5 Reviews,['1450 RPM Max Speed' '5 Star Rating' '(2 + 3) Years Warranty. 2 Years Comprehensive Warranty and 3 Years Extended Warranty on Wash Motor and Prime Mover.']
Haier 6 kg Fully Automatic Front Load with In-built Heater White,Haier,25399,28990,12% off,4.5,80 Ratings & 14 Reviews,['1000 rpm Max Speed' '2 Years Comprehensive Warranty and 5 Years Warranty on Motor from Haier']
BOSCH 7 kg INVERTER TOUCH CONTROL Fully Automatic Front Load with In-built Heater White,BOSCH,30990,40099,22% off,4.4,10680 Ratings & 1375 Reviews,['1200 rpm Max Speed' '5 Star Rating' '2 Years Warranty on Product and 12 Years on Motor']
Haier 6.5 kg Fully Automatic Top Load Silver,Haier,17990,23000,21% off,4.3,398 Ratings & 47 Reviews,['700 rpm Max Speed' '2 years Comprehensive Warranty and 10 years Warranty on motor from Haire']
SAMSUNG 6.5 kg Fully Automatic Top Load Grey,SAMSUNG,17490,23300,24% off,4.2,54 Ratings & 8 Reviews,['700 rpm Max Speed' '5 Star Rating' '2 years comprehensive warranty on the product 20 years warranty on the DIT Motor']
IFB 7 kg 5 Star Fully Automatic Front Load with In-built Heater White,IFB,34190,38790,11% off,4.2,204 Ratings & 13 Reviews,['1000 rpm Max Speed' '5 Star Rating' '4 Years Comprehensive Warranty and 10 Years Spare Part Support from IFB']
SAMSUNG 8 kg Fully Automatic Top Load Silver,SAMSUNG,25500,28000,8% off,4.5,63 Ratings & 1 Reviews,['680 rpm Max Speed' '5 Star Rating' '2 years comprehensive warranty on the product 20 years warranty on the DIT Motor']
SAMSUNG 7 kg Fully Automatic Top Load Grey,SAMSUNG,17999,21100,14% off,4.2,141 Ratings & 11 Reviews,['680 rpm Max Speed' '2 Years On Product and 10 Years on Motor from Samsung']
SAMSUNG 9 kg Fully Automatic Top Load Grey,SAMSUNG,25550,32800,22% off,4.3,157 Ratings & 5 Reviews,['700 rpm Max Speed' '5 Star Rating' '2 years comprehensive warranty on the product 20 years warranty on the DIT Motor']
Haier 7.5 kg Fully Automatic Front Load with In-built Heater Gold,Haier,40750,49990,18% off,4.5,17 Ratings & 2 Reviews,['1200 rpm Max Speed' '3 Years Warranty on Product and 20 Years on Motor from Haier']
Candes 8.5 kg Semi Automatic Top Load Black White,Candes,9690,14999,35% off,4.3,833 Ratings & 154 Reviews,['1400 rpm Max Speed' '5 Star Rating' '2 Years Comprehensive Warranty and 5 Years Warranty on Motor']
MarQ by Flipkart 10.2 kg with Tangle Free Wash Fully Automatic Top Load Grey,MarQ,19990,26999,25% off,4.3,2405 Ratings & 346 Reviews,['700 rpm Max Speed' '2 Years Comprehensive Warranty and 5 Years Warranty on Motor from MarQ']
Voltas Beko 8.5 kg Semi Automatic Top Load Red White,Voltas,14498,21290,31% off,4.8,4 Ratings & 1 Reviews,['1300 rpm Max Speed' '5 Star Rating' '2 Years Comprehensive Warranty and Additional 3 Years on Wash and Spin Motor From Voltas Beko']
MarQ by Flipkart 6.5 kg with Twin Shower Technology Fully Automatic Top Load Grey,MarQ,12990,15499,16% off,4.2,11568 Ratings & 1596 Reviews,['700 rpm Max Speed' '2 Years Comprehensive Warranty and 5 Years Warranty on Motor from MarQ']
BOSCH 7 kg Fully Automatic Front Load White,BOSCH,34460,44090,21% off,4.7,3 Ratings & 0 Reviews,['1000 rpm Max Speed' '2 Years Comprehensive Warranty on Product and 10 Years on Motor from Bosch']
LG 7 kg 4 Star Rating Semi Automatic Top Load White Maroon,LG,14199,15990,11% off,4.5,868 Ratings & 67 Reviews,['1300 rpm Max Speed' '4 Star Rating' '2 Years Warranty on Product and 5 Years on Motor']
IFB 6.5 kg 5 Star Wi-fi & Voice Enabled Dual-tone with IMD panel Anti- Allergen In-built heater Ful...,IFB,35939,38430,6% off,4.3,204 Ratings & 28 Reviews,['1000 rpm Max Speed' '5 Star Rating' '4 Years Comprehensive Warranty and 10 Years Spare Part Support From IFB']
IFB 7 kg 5 Star Fully Automatic Front Load with In-built Heater White,IFB,34180,38790,11% off,4.2,204 Ratings & 13 Reviews,['1000 rpm Max Speed' '5 Star Rating' '4 Years Comprehensive Warranty and 10 Years Spare Part Support from IFB']
SAMSUNG 9 kg 5 Star Fully Automatic Front Load Grey,SAMSUNG,41990,51500,18% off,4.6,29 Ratings & 3 Reviews,['1400 rpm Max Speed' '5 Star Rating' '3 Years on Product and 10 Years on Motor from Samsung']
LG 6 kg Fully Automatic Front Load with In-built Heater White,LG,30836,34279,10% off,4.4,43 Ratings & 5 Reviews,['1000 rpm Max Speed' '5 Star Rating' '2 Years Warranty on Complete Washing Machine and 10 Years on Motor from LG']
LG 8 kg With Steam Fully Automatic Front Load with In-built Heater Silver,LG,39999,53990,25% off,4.4,542 Ratings & 50 Reviews,['1400 rpm Max Speed' '5 Star Rating' '2 Years Comprehensive and 10 Years on Motor from LG']
Voltas Beko 8.5 kg Semi Automatic Top Load White Blue,Voltas,14249,16790,15% off,4.3,489 Ratings & 63 Reviews,['1300 rpm Max Speed' '5 Star Rating' '2 Year comprehensive Warranty on Product and additional 03 Years on Wash & Spin Motor']
LG 6.5 kg Inverter Fully Automatic Front Load with In-built Heater White,LG,37990,39990,5% off,4.4,154 Ratings & 28 Reviews,['1000 rpm Max Speed' '2 Years Comprehensive Warranty from LG']
IFB 8.5/6.5 kg Refresher 3-in-1 Laundrimagic Wi-fi enabled Inverter with Steam Washer with Dryer with ...,IFB,59830,67990,12% off,4.4,21 Ratings & 1 Reviews,['1400 rpm Max Speed' '5 Star Rating' '4 Years Complete Machine warranty 10 Years Motor Warranty and 10 Years Spare Part Support from IFB']
Whirlpool 9.5 kg 5 Star Hard Water wash Semi Automatic Top Load Purple White,Whirlpool,15649,20350,23% off,4.4,3173 Ratings & 421 Reviews,['1400 rpm Max Speed' '2 Years Comprehensive Warranty on Product and 10 Years on Wash Motor and Prime Mover from Whirlpool']
ONIDA 8.5 kg Semi Automatic Top Load White Maroon,ONIDA,15984,19999,20% off,4.3,7 Ratings & 1 Reviews,['1350 rpm Max Speed' '2 Years Comprehensive Warranty and 5 Years Warranty on Motor from Onida']
MarQ by Flipkart 7 kg 5 Star Rating Innowash+ Fully Automatic Top Load Grey,MarQ,14290,15999,10% off,4.2,11568 Ratings & 1596 Reviews,['700 rpm Max Speed' '5 Star Rating' '2 Years Comprehensive Warranty on Product and 5 Years on Motor']
LG 8 kg Fully Automatic Top Load Grey,LG,26999,33990,20% off,4.5,110 Ratings & 9 Reviews,['700 rpm Max Speed' '5 Star Rating' '2 Years Comprehensive Warranty and 10 Years Warranty on Motor from LG']
SAMSUNG 6.5 kg Fully Automatic Front Load with In-built Heater Silver,SAMSUNG,27490,32500,15% off,4.4,47 Ratings & 7 Reviews,['1000 rpm Max Speed' '5 Star Rating' '2 years comprehensive warranty on the product 20 years warranty on the DIT Motor']
Voltas Beko 8 kg Semi Automatic Top Load Blue,Voltas,13899,18490,24% off,4.4,30 Ratings & 3 Reviews,['1450 RPM Max Speed' '5 Star Rating' '5 Years International Warranty']
Godrej 8 kg Fully Automatic Front Load with In-built Heater Silver,Godrej,36990,46500,20% off,3.8,4 Ratings & 0 Reviews,['1400 rpm Max Speed' '2 Years Warranty on Product and 10 Years on Motor']
Godrej 6 kg Fully Automatic Front Load with In-built Heater White,Godrej,25430,30900,17% off,4.2,121 Ratings & 25 Reviews,['1000 rpm Max Speed' '2 Years comprehensive Warranty and 10 Years Warranty on Motor from Godrej']
IFB 6.5 kg 5 Star Fully Automatic Top Load Silver,IFB,19290,20490,5% off,4.3,6192 Ratings & 631 Reviews,['720 rpm Max Speed' '5 Star Rating' '4 Years Comprehensive Warranty and 10 Years Spare Part Support from IFB']
White Westinghouse (Trademark by Electrolux) 10.5 kg Fully Automatic Front Load with In-built Heater W...,White,28499,49999,43% off,4.1,266 Ratings & 51 Reviews,['1200 rpm Max Speed' '2 Years on Product and 5 Years on Motor from White Westinghouse (Trademark by Electrolux)']
LG 7 kg Fully Automatic Top Load Grey,LG,23919,28990,17% off,4.5,80 Ratings & 11 Reviews,['700 rpm Max Speed' '5 Star Rating' '2 Years Comprehensive Warranty and 10 Years Warranty on Motor from LG']
LG 8 kg Fully Automatic Top Load Brown,LG,26190,35990,27% off,2.8,4 Ratings & 0 Reviews,['700 rpm Max Speed' '5 Star Rating' '2 Years Comprehensive and 10 Years on Compressor from LG']
TCL 8.5 kg Fully Automatic Top Load White Grey,TCL,19990,25990,23% off,4.2,15 Ratings & 2 Reviews,['800 rpm Max Speed' '1 Year Comprehensive Warranty on Product and 5 Years on Motor']
Whirlpool 8.5 kg Semi Automatic Top Load Grey,Whirlpool,15490,19742,21% off,4.5,33 Ratings & 3 Reviews,['1400 RPM Max Speed' '5 Star Rating' '2 year complete warrenty for washing machine.']
Galanz 10/6 kg Quick Wash Inverter Washer with Dryer with In-built Heater Silver,Galanz,32990,54990,40% off,3.4,38 Ratings & 11 Reviews,['1400 rpm Max Speed' '2 years comprehensive warranty on product and 8 years on motor']
MOTOROLA 6 kg 5 Star Fully Automatic Top Load Grey,MOTOROLA,13290,17599,24% off,4.2,4361 Ratings & 629 Reviews,['700 rpm Max Speed' '5 Star Rating' '2 Years Comprehensive Warranty on Product and 5 Years on Motor']
BOSCH 7 kg Semi Automatic Top Load Grey,BOSCH,22499,39999,43% off,3.7,3 Ratings & 0 Reviews,['680 rpm Max Speed' '5 Star Rating' '2 Years Comprehensive Warranty on Product and 10 Years Warranty on Motor from Bosch']
Panasonic 10 kg Semi Automatic Top Load Grey,Panasonic,17460,25000,30% off,3.8,5 Ratings & 0 Reviews,['550 RPM Max Speed' '5 Star Rating' '2 Years On Product and 5 Years on Motor']
Panasonic 7 kg Fully Automatic Top Load Grey,Panasonic,18770,21300,11% off,3.7,3 Ratings & 0 Reviews,['702 RPM Max Speed' '5 Star Rating' '2 Years On Product and 10 Years on Motor']
MOTOROLA 7 kg Inverter Technology Fully Automatic Front Load with In-built Heater White,MOTOROLA,24990,34999,28% off,4.2,213 Ratings & 39 Reviews,['1400 rpm Max Speed' '5 Star Rating' '2 Years Comprehensive and 10 Years on Motor from Motorola']
Whirlpool 8 kg 5 Star Power Dry Technology Semi Automatic Top Load Maroon,Whirlpool,13449,14950,10% off,4.3,2628 Ratings & 262 Reviews,['1450 rpm Max Speed' '5 Star Rating' '2 Years Comprehensive Warranty and 5 Years Warranty on Wash Motor Spin motor and Prime Mover from Whirlpool']
Whirlpool 6.2 kg Hard Water wash Fully Automatic Top Load Grey,Whirlpool,13990,16800,16% off,4.3,12787 Ratings & 1319 Reviews,['740 rpm Max Speed' '2 Years Comprehensive Warranty and 5 Years Warranty on Motor from Whirlpool.']
Voltas Beko 7.5 kg Semi Automatic Top Load White Blue,Voltas,12559,15990,21% off,4.8,8 Ratings & 0 Reviews,['1300 rpm Max Speed' '5 Star Rating' '2 Year comprehensive Warranty on Product and additional 03 Years on Wash & Spin Motor']
Godrej 7.2 kg Semi Automatic Top Load Red White,Godrej,11690,12500,6% off,3.7,3 Ratings & 1 Reviews,['1440 rpm Max Speed' '2 Years Comprehensive Warranty and 5 Years Warranty on Motor from Godrej']
Voltas Beko 8.5 kg Semi Automatic Top Load Blue,Voltas,14637,21290,31% off,4.3,489 Ratings & 63 Reviews,['1300 rpm Max Speed' '5 Star Rating' '2 Years Warranty on Product and 3 Years on Motor']
LG 8 kg Fully Automatic Front Load Silver,LG,35990,45990,21% off,4.6,27 Ratings & 3 Reviews,['1400 rpm Max Speed' '5 Star Rating' '2 Years Comprehensive Warranty and 10 Years on Motor From LG']
Panasonic 8 kg Semi Automatic Top Load Blue,Panasonic,14490,16000,9% off,4.3,3 Ratings & 1 Reviews,['1350 RPM Max Speed' '5 Star Rating' '2 YEAR']
IFB 7 kg 5 Star 3D Wash Technology Aqua Energie In-built heater Fully Automatic Front Load with In-b...,IFB,33290,37790,11% off,4.3,673 Ratings & 55 Reviews,['1000 rpm Max Speed' '5 Star Rating' '4 Years Comprehensive Warranty and 10 Years Spare Part Support From IFB']
Whirlpool 7 kg Semi Automatic Top Load Red,Whirlpool,11162,14000,20% off,4.4,2491 Ratings & 343 Reviews,['1400 rpm Max Speed' '2 Years Comprehensive Warranty and 5 Years Warranty on Motor from Whirlpool']
Lloyd 9 kg Semi Automatic Top Load Red White,Lloyd,15699,16790,6% off,5,10 Ratings & 1 Reviews,['750 rpm Max Speed' '5 Star Rating' '2 Years Warranty on Product and 5 Years on Motor']
Haier 6.5 kg Semi Automatic Top Load White,Haier,10295,12700,18% off,4.4,7 Ratings & 0 Reviews,['1300 RPM Max Speed' '1 Year Comprehensive Warranty and 5 Years Warranty on Motor from Haier']
LG 7 kg 4 Star Semi Automatic Top Load Grey White,LG,11990,14790,18% off,4.4,19062 Ratings & 1643 Reviews,['1300 rpm Max Speed' '4 Star Rating' '2 Years Comprehensive Warranty on product and 5 Years on Motor from LG']
Panasonic 7 kg Fully Automatic Top Load Silver,Panasonic,17900,19300,7% off,5,4 Ratings & 0 Reviews,['680 RPM Max Speed' '5 Star Rating' '2 Years Comprehensive and 10 Years on Motor']
Voltas Beko 7 kg Semi Automatic Top Load White Blue,Voltas,12059,14990,19% off,4.3,489 Ratings & 63 Reviews,['1300 rpm Max Speed' '5 Star Rating' '2 Years Warranty on Product and 3 Years on Motor']
MOTOROLA 8 kg Dryer with In-built Heater White,MOTOROLA,25990,40499,35% off,3.4,31 Ratings & 8 Reviews,['1000 rpm Max Speed' '2 Years Warranty from Motorola']
Godrej 9 kg Semi Automatic Top Load White Purple,Godrej,15993,18390,13% off,4.3,259 Ratings & 33 Reviews,['1400 rpm Max Speed' '2 Years Comprehensive Warranty and 5 Years Warranty on Motor from Godrej']
White Westinghouse (Trademark by Electrolux) 6.5 kg Fully Automatic Top Load Grey,White,12499,15999,21% off,4,70 Ratings & 21 Reviews,['700 rpm Max Speed' '2 Years Warranty on Product and 5 Years on Motor']
RGL 7 kg Semi Automatic Top Load White Gold,RGL,10990,11990,8% off,4.3,9 Ratings & 0 Reviews,['1350 rpm Max Speed' '2 Years Comprehensive Warranty from RGL']
SAMSUNG 6.5 kg Semi Automatic Top Load White Blue Grey,SAMSUNG,11100,11900,6% off,4.3,63 Ratings & 3 Reviews,['700 RPM Max Speed' '5 Star Rating' '2 Years on Product and 5 Years Warranty on Motor']
SAMSUNG 8 kg Fully Automatic Top Load Silver,SAMSUNG,23400,31900,26% off,4.5,63 Ratings & 1 Reviews,['680 rpm Max Speed' '5 Star Rating' '2 years comprehensive warranty on the product 20 years warranty on the DIT Motor']
MarQ by Flipkart 6.5 kg 5 Star Rating Semi Automatic Top Load White Blue,MarQ,7690,10490,26% off,4.3,53562 Ratings & 6102 Reviews,['1350 RPM Max Speed' '5 Star Rating' '2 Years Comprehensive and 5 Years on Motor']
TCL 8.5 kg Fully Automatic Top Load Grey,TCL,19990,25990,23% off,3.9,59 Ratings & 4 Reviews,['800 rpm Max Speed' '1 Year Comprehensive Warranty on Product and 5 Years on Motor']
Galanz 8 kg Quick Wash Fully Automatic Top Load Silver,Galanz,19990,24290,17% off,4.1,250 Ratings & 42 Reviews,['730 rpm Max Speed' '2 years comprehensive warranty on product and 10 years on motor']
Haier 9 kg Semi Automatic Top Load White Blue,Haier,15950,16990,6% off,4.1,144 Ratings & 17 Reviews,['1300 rpm Max Speed' '2 Years Comprehensive Warranty and 5 Years Warranty on Motor from Haier']
White Westinghouse (Trademark by Electrolux) 8.5 kg Fully Automatic Front Load with In-built Heater Wh...,White,23499,33499,29% off,4.1,266 Ratings & 51 Reviews,['1000 rpm Max Speed' '2 Years on Product and 5 Years on Motor from White Westinghouse (Trademark by Electrolux)']
Voltas Beko 7 kg Semi Automatic Top Load Maroon,Voltas,8649,14990,42% off,4.3,15 Ratings & 0 Reviews,['440 RPM Max Speed' '5 Star Rating' '2']
Whirlpool 7.5 kg Fully Automatic Top Load Grey,Whirlpool,21145,25600,17% off,4,68 Ratings & 4 Reviews,['740 rpm Max Speed' '5 Star Rating' '2 Years Warranty on Product and 10 Years on Motor from Whirlpool']
Hafele 6 kg Hygiene Wash 15 Min Wash Smart Motor Technology Fully Automatic Front Load with In-built...,Hafele,23990,34990,31% off,4.3,124 Ratings & 21 Reviews,['1000 rpm Max Speed' '1 Year Warranty on Product and 10 Years on Motor']
Whirlpool 9.5 kg With Hard water wash Fully Automatic Top Load Grey,Whirlpool,28719,32473,11% off,4.2,112 Ratings & 16 Reviews,['740 rpm Max Speed' '3 Years Comprehensive Warranty and 10 Years Warranty on Motor from Whirlpool']
LG 7 kg Fully Automatic Top Load Grey,LG,26990,30990,12% off,4.3,36 Ratings & 7 Reviews,['700 rpm Max Speed' '5 Star Rating' '2 Years Comprehensive Warranty and 10 Years Warranty on Motor from LG']
Sansui 8.5 kg Pro Clean Semi Automatic Top Load White Maroon,Sansui,9999,14550,31% off,4.3,681 Ratings & 78 Reviews,['1400 RPM Max Speed' '2 Years Comprehensive and 5 Years on Wash Motor']
Godrej 6.5 kg Fully Automatic Top Load Blue,Godrej,18990,23040,17% off,4.3,158 Ratings & 18 Reviews,['700 rpm Max Speed' '2 Years Comprehensive Warranty and 10 Years Warranty on Motor from Godrej']
SAMSUNG 8 kg Fully Automatic Front Load White,SAMSUNG,36999,47000,21% off,4.7,3 Ratings & 1 Reviews,['1400 rpm Max Speed' '5 Star Rating' '2 Years on Product and 10 Years on Motor from Samsung']
Haier 6.5 kg Fully Automatic Top Load Grey,Haier,17099,25000,31% off,4.3,6 Ratings & 0 Reviews,['800 RPM Max Speed' '2 years on product 10 years on motor']
Lloyd 7.2 kg Semi Automatic Top Load White Blue,Lloyd,10900,12000,9% off,4.7,3 Ratings & 0 Reviews,['1350 rpm Max Speed' '2 years Comprehensive Warranty (Excluding all rubber and plastic parts) and 3 years Warranty on motor from Lloyd']
Lloyd 8 kg Semi Automatic Top Load Grey,Lloyd,13499,13900,2% off,4.3,8 Ratings & 1 Reviews,['1320 rpm Max Speed' '2 years Comprehensive Warranty (Excluding all rubber and plastic parts) & additional 3 years Warranty only on motor']
Haier 7 kg Fully Automatic Top Load Grey Black,Haier,20120,29000,30% off,4.6,5 Ratings & 1 Reviews,['1000 rpm Max Speed' '1 Year Standard Brand Warranty on Product']
Intex 7 kg Semi Automatic Top Load Blue White,Intex,8190,13990,41% off,4.5,12 Ratings & 3 Reviews,['1300 rpm Max Speed' '2 Years Comprehensive Warranty on Product and 5 Years on Motor']
Sansui 6.5 kg Pro Clean Semi Automatic Top Load White Maroon,Sansui,7999,10890,26% off,4.2,1922 Ratings & 188 Reviews,['1350 rpm Max Speed' '2 Years Comprehensive and 5 Years on Wash Motor']
Midea 6 kg Fully Automatic Front Load with In-built Heater White,Midea,17990,23990,25% off,4.3,16500 Ratings & 3006 Reviews,['1000 RPM Max Speed' '2 Years Comprehensive Warranty from Midea']
SAMSUNG 6.5 kg Fully Automatic Top Load White Black,SAMSUNG,18899,21990,14% off,4.4,429 Ratings & 37 Reviews,['680 rpm Max Speed' '3 Years Comprehensive Warranty and 10 Years Warranty on Motor from Samsung']
